income,credit_score,existing_loan,monthly_emi,employment_years,missed_payments,approved
321958,770,882297,26567,3,3,0
871155,722,469862,57864,9,5,0
331932,364,787163,32376,2,4,0
1614414,312,132201,53618,19,4,0
459178,512,159094,21922,8,1,0
1892743,541,263749,12388,2,1,0
310268,792,77506,29332,5,7,0
932180,512,764601,46737,5,4,0
1303462,637,44130,23495,22,7,0
337337,472,946769,8434,24,5,0
1199890,463,163402,51952,11,4,0
1770006,764,854901,20991,22,1,1
1336074,796,146259,27472,0,3,0
1112756,694,419007,59946,15,7,0
375203,607,352580,40030,23,7,0
1439911,482,201682,26849,4,0,1
478167,809,374485,1541,8,1,0
241090,845,223034,2765,9,5,0
529365,526,957371,43074,12,7,0
1313396,735,509394,37259,14,3,0
987201,721,918397,29283,11,3,0
1570455,320,623982,35851,4,3,0
1966891,696,544061,54508,4,2,1
527069,404,790671,34625,17,2,0
1447617,491,283007,769,11,6,0
991743,316,313559,17806,2,3,0
303355,419,68968,24982,24,7,0
1484372,692,493891,2972,6,5,0
1462752,724,584718,18256,16,4,0
384779,428,250072,38367,18,5,0
1596025,429,1515,18653,17,2,0
1670485,328,97206,38043,0,1,0
1189436,396,245282,21133,24,7,0
1507371,309,759990,39339,23,6,0
686232,541,407821,25757,4,2,0
1117040,531,842672,37840,1,4,0
1748762,583,5586,42399,0,0,0
356730,499,906851,44013,6,6,0
1633257,378,908806,32069,10,2,0
1398079,472,769565,14706,10,5,0
854811,766,555474,38231,17,6,0
727035,715,551216,27909,16,7,0
848143,748,753624,40218,1,5,0
1700942,386,738447,11095,6,3,0
265725,400,385134,57572,6,3,0
1378557,307,349173,20343,9,3,0
284654,499,544999,26469,21,6,0
1153277,804,579250,1313,20,0,1
791723,386,20039,7847,2,4,0
519030,342,560849,50222,11,7,0
1577523,684,206555,9166,2,6,0
755839,734,491087,9930,10,1,0
473538,707,998899,3285,11,7,0
531236,782,219730,58101,24,5,0
728178,316,1577,35863,3,5,0
765894,447,107792,16704,24,6,0
689492,576,945854,18705,15,6,0
1505416,531,772268,555,19,4,0
673254,665,238540,21323,17,0,1
549457,527,951302,5432,3,6,0
865987,735,228506,1386,21,3,0
1519512,698,736777,53915,5,4,0
1488507,510,10785,44007,20,1,0
1488205,690,72227,10619,14,3,0
1453617,798,905112,6854,0,1,0
898361,839,848389,42964,2,2,0
1980488,790,589719,48801,4,1,1
1665689,741,410513,59274,21,3,0
268148,560,858326,7637,16,2,0
848531,649,247941,21225,13,3,0
1500571,651,719132,45730,8,5,0
1106606,819,150653,26739,2,3,0
878843,619,317336,47708,12,2,0
772843,437,263606,53019,2,1,0
456508,849,390992,10618,10,5,0
1003591,667,719533,36561,1,0,1
1096942,519,933015,7373,23,0,0
306530,636,338250,35281,14,7,0
804365,522,310809,20187,12,0,1
660337,659,699774,2327,18,0,1
1973415,628,343154,32391,21,4,0
1005889,762,596861,41577,15,0,1
1708349,681,224737,18549,17,2,1
408261,468,894235,52460,6,6,0
1589673,516,643970,39220,12,0,1
1563715,677,537674,57219,3,3,0
1420405,418,386213,7642,8,6,0
471836,489,54460,14435,9,0,0
1687550,669,399437,55556,8,6,0
1189913,448,416690,33760,6,1,0
402283,787,115375,38192,14,2,0
396769,673,899092,58721,7,2,0
761353,459,152117,4381,18,7,0
1471741,650,877751,31047,10,6,0
1872163,587,116582,19558,4,7,0
1246797,587,498909,30782,1,5,0
1150110,525,922426,4782,9,4,0
1784398,822,767303,25881,15,3,0
687879,821,678066,54712,22,6,0
764685,572,829203,40228,12,2,0
982038,701,576623,29409,7,7,0
1602107,482,753375,19462,8,1,0
1511736,787,52949,2983,10,0,1
1207293,423,463930,56411,10,2,0
779879,713,95558,55206,22,1,0
1469460,471,408456,31933,15,0,1
223247,587,888704,46950,9,4,0
1272876,734,789148,2523,23,2,0
1715857,412,147646,9677,11,7,0
807086,421,767175,10292,24,2,0
733556,843,466933,15089,5,6,0
1597527,521,504515,4581,11,6,0
1522905,338,961570,11907,9,1,0
1967640,796,717186,5609,17,7,0
942139,532,675573,51153,17,5,0
632315,829,71916,50539,3,6,0
1126075,448,721511,44143,8,3,0
716588,696,259590,22936,6,4,0
1485160,601,772378,50182,17,3,0
1810908,659,575194,42725,7,2,1
1178732,537,786895,45723,10,3,0
1625472,535,949477,33988,6,0,0
248984,502,74694,29506,8,4,0
502918,555,413867,13163,7,3,0
464712,534,855126,59758,2,0,0
1368727,644,282152,46057,16,1,0
1704384,833,70474,12537,1,3,0
333767,765,562473,22419,14,4,0
848663,840,350068,42578,13,0,1
1952126,512,262048,9455,17,3,0
336330,762,991921,55675,15,1,0
680754,735,780862,57226,19,3,0
1550224,582,726499,9063,21,0,1
1937095,762,821412,834,3,3,0
213986,706,546792,32214,24,4,0
786146,387,54970,27398,19,2,0
1377888,343,278910,58262,5,7,0
212666,760,641232,34492,5,7,0
1549380,577,880354,55750,10,0,0
334633,720,404911,2413,16,0,0
488998,652,411012,9505,23,0,0
1050937,814,173615,55145,2,0,1
828776,318,932063,37266,12,3,0
1956187,322,497666,2105,21,4,0
1533382,712,688499,2568,2,7,0
1279111,329,120494,42098,15,1,0
1196107,407,759229,49361,14,7,0
1624289,666,533090,58408,10,4,0
1038688,580,991347,37679,17,0,0
551279,427,171277,51372,14,5,0
1113910,528,491966,49385,4,3,0
1850237,410,296303,33560,15,5,0
1896548,435,11516,14195,15,3,0
689570,661,312636,46669,16,0,1
1705127,485,815518,15762,8,3,0
1521685,428,638046,52262,22,0,1
224538,560,554768,51318,2,4,0
1094498,814,183163,41294,19,6,0
401664,748,128023,58703,12,2,0
691234,403,372339,15898,21,3,0
339182,782,178838,21577,2,0,0
1721101,523,825169,1214,6,5,0
1406914,790,271409,20803,5,0,1
384064,772,638453,48114,8,5,0
414020,309,643789,23698,11,7,0
1239577,704,773617,57627,14,3,0
823094,601,333134,32980,20,1,0
1097421,530,494670,1658,19,5,0
815270,365,801818,12270,2,0,0
1894490,411,891150,46797,9,3,0
1367752,312,823857,37792,0,0,0
1117710,692,121635,45807,18,1,1
1466702,799,698614,58761,18,2,1
418969,533,220935,59730,22,6,0
322409,613,511566,22301,22,6,0
1796283,311,53634,5141,12,1,0
453618,508,703022,50946,11,4,0
969598,313,873420,38756,0,3,0
1298591,717,759144,57448,18,1,0
972838,736,892769,13777,23,2,0
1370672,676,492503,38346,15,0,1
1879923,319,218599,54703,24,3,0
1433916,369,237919,29441,22,7,0
1359263,510,468668,47819,22,5,0
1074371,400,403359,28469,14,1,0
1659933,431,484607,3845,15,7,0
935716,680,933085,44650,10,7,0
1354454,431,591731,23290,23,2,0
1975846,319,291568,47015,5,7,0
1173548,835,350988,30699,10,1,1
1446862,526,828416,44252,2,4,0
973290,453,41505,33146,14,6,0
1413475,768,102478,3293,0,6,0
1573343,704,62699,52481,6,3,0
1199238,501,944461,53960,0,0,0
1061882,337,418680,44398,16,2,0
579989,487,900444,57089,8,1,0
615515,356,154721,46428,22,3,0
243585,319,959569,16608,12,1,0
1619945,572,821190,737,10,3,0
264044,418,136668,16619,19,6,0
1160061,815,278518,12470,5,7,0
642296,520,642974,49863,0,4,0
309556,825,265919,22372,6,1,0
1775557,814,813820,16117,11,4,0
967595,635,385944,14779,21,5,0
400235,354,807461,51040,19,5,0
225939,799,608269,29294,22,7,0
1401482,835,315783,56325,18,6,0
742335,461,114010,50411,16,2,0
1536825,458,932149,21630,3,4,0
275766,487,555393,40039,2,3,0
608923,359,523472,49900,0,2,0
1663768,618,406884,12178,17,1,0
768550,510,259021,19935,20,1,0
587261,705,147032,47258,14,3,0
1010208,408,650807,22784,7,0,0
885440,375,142429,23027,0,7,0
1901240,841,457820,31008,19,0,1
1184346,613,889171,57853,13,7,0
1703165,416,313940,46631,3,1,0
337848,318,277948,1823,4,7,0
817075,731,652020,6852,22,6,0
327948,649,669986,13072,12,6,0
1827880,482,159204,11133,23,3,0
602690,412,794383,15111,14,0,0
699046,482,923953,32312,5,4,0
651269,780,281209,24161,0,1,1
221959,445,887935,53384,22,5,0
1909466,412,105072,39287,18,4,0
1998792,775,664490,59478,12,3,0
428576,602,89360,1777,5,5,0
1215602,417,62287,50374,14,4,0
1786409,460,238009,24014,15,0,1
1114091,700,707062,14772,23,7,0
365838,497,692353,46389,22,6,0
1584250,559,687235,44627,15,0,1
261087,346,770644,18161,9,5,0
1213343,698,661414,42264,21,7,0
1841704,377,230881,7490,8,7,0
318451,423,107357,54011,8,7,0
1696176,374,441733,41661,16,2,0
639792,436,207440,24502,16,6,0
239353,699,553958,35757,16,1,0
393075,804,835544,41111,23,5,0
1462859,799,874820,32737,11,3,0
1563453,437,351300,17709,12,1,0
265318,349,159379,58645,11,4,0
965313,553,768447,44682,13,6,0
1731266,725,198159,59055,9,3,0
616880,846,834354,54279,22,3,0
791460,601,194152,8998,18,0,1
940976,648,879780,28906,1,4,0
981239,348,603623,35490,3,0,0
1341840,373,812744,4656,18,0,0
970746,560,66985,50477,6,7,0
1013168,655,655032,36901,14,6,0
425281,559,776001,25735,14,2,0
1220545,594,975112,52021,23,0,0
1885723,612,483178,29092,5,1,0
1098613,481,887395,1242,2,3,0
1642646,663,171349,41307,5,6,0
1600804,487,555839,1831,15,0,1
1680415,842,614101,50721,1,5,0
469536,847,449813,28511,6,1,0
517824,707,887457,7246,10,4,0
1506002,713,386486,31467,6,3,0
377789,641,700572,18302,3,6,0
1761729,519,9637,55568,23,5,0
942452,462,829690,3232,19,6,0
1037291,519,953197,36526,6,6,0
325657,569,927328,38765,3,5,0
1483743,699,653841,51507,11,4,0
881669,481,551238,58741,4,5,0
1729247,504,416704,10972,22,1,0
1967670,527,652158,48136,18,7,0
1319043,549,497760,34592,4,6,0
1432310,740,215,10683,18,4,0
1871370,832,367747,23664,20,6,0
309751,495,797955,36828,2,5,0
1629626,818,993404,54476,10,4,0
1011774,369,855121,33172,6,4,0
1941093,698,23834,18105,16,0,1
661079,502,296618,21700,24,0,1
568452,447,567354,11017,8,7,0
306081,771,272544,36613,20,0,0
1183237,498,911643,20594,8,5,0
1861909,725,534633,11384,9,3,0
758986,791,33896,30348,12,1,1
310078,441,478646,16448,14,5,0
222671,612,815331,9491,21,6,0
1666976,464,499387,13112,4,0,1
1604104,613,814661,55534,2,4,0
1859066,320,510269,31021,7,5,0
251663,381,267727,58759,19,4,0
1264284,430,922401,44553,9,7,0
511955,604,513622,968,12,6,0
1382459,670,71537,368,2,4,0
1566970,683,764777,8424,21,4,0
312547,744,397783,35010,7,7,0
1110681,724,599095,54154,8,2,0
1807618,460,653936,35851,21,3,0
1999678,477,899084,57225,20,1,0
342483,789,470455,25496,11,1,0
858271,626,668689,58032,10,0,0
414835,588,232117,30936,1,2,0
601896,653,773068,13322,17,5,0
284896,327,333936,1469,8,7,0
677095,342,393444,37493,1,5,0
271295,722,213286,4259,1,1,0
943974,476,561340,36390,2,3,0
1087121,828,450985,10292,15,4,0
1521831,793,46032,26841,18,6,0
1548224,497,504910,28365,3,0,1
1905738,816,295830,17207,22,3,0
1256731,813,863413,36199,24,1,0
1715448,321,623090,22912,17,2,0
1025816,411,980765,36919,19,0,0
574705,356,920313,36981,24,7,0
1820118,365,234337,15235,17,1,0
1858845,397,172857,56572,9,5,0
754594,443,429763,41757,10,0,0
347718,734,304962,33547,16,7,0
1557563,385,886854,48119,23,1,0
845263,643,334071,43810,24,5,0
1607321,593,721041,19276,22,6,0
1208239,542,341609,31923,23,5,0
307512,331,745222,5534,19,4,0
347443,690,750887,26469,15,7,0
1719163,576,637509,36074,19,7,0
573616,831,299477,35670,12,2,0
857409,453,126457,32563,1,7,0
886976,682,278720,46159,23,4,0
1614447,367,119875,36486,1,1,0
575037,513,825837,21,24,6,0
1244107,675,880432,34268,13,3,0
1007364,512,466995,41802,3,6,0
317796,378,555889,15799,16,6,0
1540575,680,854378,26336,12,7,0
1441082,357,984860,3641,3,6,0
1190198,325,314260,21596,2,7,0
898376,746,517965,32959,11,4,0
469544,365,510472,13306,21,3,0
580002,553,628474,46182,22,5,0
898002,343,849326,8587,7,7,0
1788015,396,689995,56326,1,1,0
790978,526,793897,31359,5,2,0
1777363,735,581042,21498,21,3,0
1779159,678,229047,4662,9,1,1
1107317,477,92850,37094,11,7,0
588215,726,896197,41833,20,3,0
521184,606,740479,27197,9,7,0
1671091,803,354835,20719,9,4,0
868234,567,563159,24665,22,1,0
578480,307,193946,43239,2,4,0
232711,807,470949,25032,19,0,0
991971,775,815943,59624,9,1,0
701157,596,867392,12641,8,3,0
384423,463,966325,41964,19,0,0
716349,784,852208,30028,18,4,0
1952290,371,249200,45494,13,4,0
1112495,537,725527,54646,1,3,0
1906493,403,992639,15651,4,0,0
1024792,509,306606,8536,19,6,0
1985954,767,454598,51863,7,5,0
333272,753,483410,56747,6,2,0
967836,567,758741,45712,5,3,0
1186001,685,556862,6273,10,4,0
902335,686,626360,6284,11,1,0
1007789,558,435126,59806,17,0,0
1891985,582,204603,25692,18,7,0
1326081,339,680546,8817,9,5,0
202869,785,678173,28955,24,2,0
981474,519,734172,26555,24,1,0
654351,428,740885,20378,20,0,0
1560828,819,864714,50830,13,5,0
836584,559,109779,41182,2,3,0
818467,665,18557,17127,17,7,0
1338848,843,159132,49614,23,5,0
238467,823,452082,17952,14,3,0
1236685,315,334248,11539,5,7,0
1077844,428,756265,46761,9,7,0
680047,408,477793,46219,11,6,0
1907923,832,661440,14692,6,0,1
1307447,568,144926,18120,16,7,0
1139903,461,908445,13334,0,5,0
328391,559,723055,28615,17,7,0
639430,401,682385,7903,14,2,0
1217026,805,184054,28527,18,5,0
1859280,546,565369,15629,0,0,0
456687,836,921872,56154,4,1,0
1974027,430,754981,58008,14,1,0
307450,652,381325,17740,2,5,0
371890,495,813526,33782,0,5,0
638741,681,963544,26708,7,3,0
481974,526,328910,10860,11,0,0
1648685,775,869485,17438,21,3,0
316381,776,155063,1764,24,2,0
1721701,564,787733,6009,18,6,0
1820197,671,683970,20842,24,1,1
334508,785,605751,42372,24,7,0
1978226,733,690038,48780,11,7,0
1647687,510,286610,33435,12,4,0
1399386,676,473656,3370,0,4,0
1541466,694,958379,38744,18,0,1
1822241,749,26081,50546,5,7,0
1040477,663,24354,57442,7,0,1
560032,756,617585,20454,3,4,0
1246811,525,804732,56134,4,0,0
1618175,430,64384,41381,24,1,0
1909536,775,881459,38367,21,2,1
1998596,576,645972,3650,6,2,0
1079611,455,847324,45117,22,7,0
1420412,517,35525,25708,3,3,0
929903,489,944036,42662,19,1,0
245714,716,6464,52772,3,6,0
1174339,845,540850,3190,14,0,1
1875810,340,893824,48113,20,0,1
830271,606,579802,8789,4,7,0
1715536,637,375572,32125,23,6,0
1960427,613,112564,33159,8,3,0
324123,374,370191,17459,1,3,0
1136093,578,467435,35418,6,0,1
1554204,475,556922,46368,16,0,1
1331565,572,786492,47085,15,6,0
1546932,588,795701,18768,16,7,0
1029957,571,194215,49961,19,1,0
378274,365,547353,15563,22,6,0
887995,782,265039,57199,1,3,0
1573928,547,343003,27885,10,6,0
611927,455,667712,21885,1,6,0
989852,346,967241,6895,0,6,0
331373,753,104127,50311,1,1,0
1687028,500,96426,23958,22,5,0
315294,423,949520,1531,8,0,0
1235362,300,192376,5481,21,4,0
1708027,490,11962,23932,1,7,0
848307,815,33302,21360,14,6,0
265726,741,347526,54847,9,7,0
341564,442,4011,43642,14,4,0
1626388,490,916148,24829,9,5,0
468246,832,19782,19932,24,0,0
1954272,526,198763,38931,22,3,0
318015,612,644942,55823,16,4,0
1989250,601,432941,38032,8,7,0
454079,759,533484,50383,17,7,0
750929,700,43459,15890,3,7,0
889944,692,611533,18807,8,3,0
888105,506,522829,11767,15,4,0
713758,509,603151,8071,3,7,0
1183609,414,909638,53413,15,3,0
1614466,550,774751,26149,18,6,0
1217703,518,363154,15540,0,7,0
645101,706,32769,35676,22,4,0
236631,742,369673,4712,5,3,0
1321567,653,780721,55907,9,5,0
1252590,849,24700,26201,15,1,1
1521813,441,771152,44958,3,3,0
1266646,800,735716,53035,21,1,0
1305534,846,993931,19899,21,1,0
1330650,841,231237,19787,12,0,1
1783593,806,791701,20982,15,6,0
1424665,580,908063,54160,19,5,0
397392,723,306024,22606,5,1,0
358823,569,114003,10150,10,2,0
1223904,453,139392,20393,23,6,0
1878728,382,49589,51887,2,1,0
1641578,725,250606,37259,19,3,0
1982005,574,731636,46687,9,1,0
698863,583,560185,46936,0,3,0
567654,472,189637,27750,19,7,0
779036,626,686290,8593,10,3,0
730089,362,712593,17358,11,2,0
1398838,372,213893,16607,13,1,0
1691481,674,800812,37381,24,1,1
435362,807,732256,55929,7,4,0
1692785,697,70934,24811,10,6,0
1802456,419,580118,28074,3,4,0
997079,736,267673,20595,6,0,1
864076,764,776652,44194,9,3,0
419963,585,356742,49377,18,2,0
680761,564,757582,26853,24,4,0
1497286,619,82987,8183,3,1,0
420984,675,573466,20661,1,0,0
464512,388,138009,50493,20,2,0
801863,502,384096,53188,17,5,0
1517375,633,564174,41169,13,1,0
1486125,521,573987,36495,15,1,0
1842895,340,600684,13703,21,7,0
1732875,367,614966,53080,10,5,0
1860786,813,549567,30815,9,3,0
648982,426,431322,29565,16,3,0
1372622,554,110776,51955,13,4,0
606619,315,625732,58453,21,4,0
1280673,776,368444,22942,3,1,1
1196161,361,113793,42986,18,6,0
866326,731,378422,33161,1,1,1
849150,567,210809,55991,6,4,0
1478805,334,171616,48760,8,5,0
318834,793,365391,41803,18,4,0
1342424,768,242262,9716,15,1,1
1301497,624,533285,41563,21,2,0
905086,603,106102,33349,24,1,0
1899005,575,872143,47098,15,2,0
1954236,500,378189,42899,17,2,0
484821,744,565148,132,22,1,0
255609,623,265369,51990,20,6,0
427897,334,634402,47752,20,6,0
1174165,781,976974,3385,10,0,1
1279600,779,637506,36538,6,4,0
1225715,364,522070,35036,8,6,0
1318889,307,887196,33743,3,3,0
1638533,600,107041,40373,24,1,0
384078,642,374368,7213,12,2,0
1606005,730,325800,59157,24,1,1
661243,723,445096,44223,3,4,0
1362208,631,716438,26119,18,5,0
1197639,737,481862,2835,1,6,0
451451,473,76290,2738,8,6,0
203051,826,56633,42317,11,6,0
1952683,325,813087,4134,1,2,0
1625412,705,121118,25892,5,3,0
1204646,531,698961,39601,4,7,0
1860099,832,3114,8353,4,3,0
1171525,849,812934,15690,19,6,0
1970348,804,49768,1909,21,3,0
389407,478,310272,25703,4,5,0
649395,431,413244,14496,3,6,0
1149597,754,973069,12062,8,0,1
662894,647,83123,9850,21,2,0
1460386,839,632543,27701,9,5,0
1157238,705,166405,34731,15,7,0
927975,375,3174,5153,9,2,0
273523,791,117769,10481,9,7,0
1343052,493,297542,33734,18,6,0
1482417,461,429145,889,9,5,0
1003451,646,135393,19445,5,6,0
1229225,660,385693,6461,16,7,0
1070045,386,751331,38934,4,7,0
422866,561,766868,28205,5,5,0
1335248,513,186493,23351,23,6,0
1846711,561,596923,16006,14,0,1
1593470,582,810192,44149,24,2,0
1983570,766,928864,49112,18,5,0
228251,679,665673,10940,17,0,0
1876345,661,917106,59010,3,1,1
1623286,748,767166,11258,7,6,0
1798809,740,217070,24485,15,4,0
1280793,392,399017,23763,23,5,0
1256884,723,800562,58785,18,3,0
1516669,441,931775,40048,19,0,0
383062,590,409291,1067,2,0,0
594366,731,495671,20607,9,5,0
944840,348,369359,43883,1,7,0
300235,601,150056,9018,3,0,0
1323316,489,874527,48521,5,1,0
578496,435,847374,46946,10,0,0
950201,703,143933,15187,13,4,0
1003328,640,98970,37375,15,4,0
1243233,617,82203,3985,20,7,0
377247,662,988880,43052,18,6,0
1911741,681,192319,19563,1,6,0
729525,532,200173,47322,24,7,0
1232751,643,501946,37306,16,3,0
1268632,848,676337,51514,8,1,0
376615,828,443833,18608,16,4,0
387628,482,974977,39139,14,7,0
838836,340,217726,1726,6,5,0
573632,696,874609,26582,21,2,0
1382991,793,597190,5791,22,2,1
606716,632,92172,57225,18,2,0
646438,426,670990,8458,2,6,0
1802239,300,544344,56165,0,5,0
865022,467,138454,17221,3,0,1
741252,318,55739,48506,17,5,0
1886293,631,868117,20968,7,0,1
452764,755,48639,17070,18,2,0
914998,408,453054,27937,22,3,0
1715458,567,439257,49508,22,3,0
940427,744,787424,41831,24,7,0
712153,539,596682,42933,5,0,0
267215,600,329801,47307,0,2,0
344356,402,813592,48340,7,5,0
403861,549,831588,37415,0,3,0
1202168,752,182447,42770,18,0,1
555612,819,348586,20802,10,7,0
1703181,452,674932,43601,20,5,0
209435,473,380069,10420,23,2,0
647556,642,4136,6642,24,1,0
1948014,730,61868,19775,14,2,1
1065264,623,344407,28754,22,6,0
1824157,719,818599,43310,24,2,1
278781,784,110957,4357,10,7,0
391475,711,539767,21263,18,5,0
360196,383,119392,54471,20,7,0
426507,412,686736,48367,9,5,0
506063,631,660183,13201,23,4,0
964121,677,780516,2739,11,4,0
976665,340,201528,13231,0,5,0
1939183,404,806017,42278,23,5,0
1369748,501,234847,42495,6,1,0
1605478,749,934776,21168,16,1,0
684963,565,813051,32624,9,2,0
1704544,509,861501,10635,5,7,0
1567293,417,302039,9964,16,6,0
1307677,676,265864,27785,17,7,0
1744548,839,281411,29510,4,3,0
488790,383,146768,17261,17,7,0
1090617,753,685328,19254,16,6,0
747337,813,315508,11392,21,1,1
1983541,686,416561,12336,15,2,1
1608836,649,51567,11939,7,6,0
1841249,595,91229,27412,23,7,0
850419,557,979111,16676,12,0,0
633374,380,412601,9843,23,4,0
920777,567,476874,45591,15,6,0
1796153,718,984404,25112,10,3,0
1620946,534,199316,30598,5,2,0
1087225,610,720785,35454,2,6,0
471967,656,864950,33001,0,5,0
391232,512,607132,27228,17,7,0
1552695,348,163991,14429,4,0,1
209540,426,614985,18758,12,4,0
1789228,522,581484,2272,9,0,1
1646403,578,639888,17350,4,2,0
751951,707,624913,50041,13,7,0
1300567,804,472617,53015,16,1,1
388751,593,917999,22538,0,4,0
1614902,576,831187,3400,24,7,0
1934913,737,985188,15371,1,0,1
818992,406,33324,57378,6,1,0
249115,719,865361,37310,9,3,0
1601727,728,394768,36291,19,2,1
943583,674,51272,18147,6,2,1
1440538,372,429069,3291,23,4,0
921747,329,249264,35256,15,0,1
1397719,487,688284,10892,4,3,0
1963211,663,860894,34326,11,5,0
736226,750,751747,37458,16,4,0
1152699,494,679249,38889,15,7,0
553824,455,236538,51428,19,5,0
1252576,471,578963,44966,15,4,0
925948,340,515447,37207,18,0,0
1087474,362,73591,50255,14,3,0
1604330,322,463406,40288,11,0,1
451492,659,153706,25995,20,2,0
1748098,374,294507,5409,9,5,0
691072,417,194824,42438,21,1,0
1286880,679,339148,44874,1,6,0
704999,589,973902,44702,6,7,0
531593,739,753818,29823,12,2,0
807274,306,827150,7869,2,2,0
351836,495,113627,35724,14,5,0
308940,720,738276,56862,0,7,0
1203531,492,289014,22401,2,4,0
1024926,447,37394,25958,24,2,0
1514093,501,838489,10766,9,6,0
867521,743,79795,19768,14,3,0
1870396,718,342553,30794,21,2,1
1079090,726,799448,26145,5,3,0
585777,778,42137,10086,19,0,1
1873250,774,393369,43203,14,7,0
751638,425,138925,26442,23,4,0
1865872,694,536667,16412,20,3,0
749639,624,933296,58049,6,2,0
812956,691,121169,25596,24,4,0
838873,739,169439,10255,20,6,0
1586073,503,149172,42406,4,4,0
1456445,785,650370,40524,3,3,0
265953,330,375233,23332,21,7,0
700328,687,980960,44624,17,3,0
203267,733,535337,15764,2,1,0
282745,675,394002,27563,16,1,0
1024945,643,463120,22139,17,4,0
357164,742,686059,36370,17,5,0
735626,374,909216,5062,23,7,0
331484,454,834123,44645,23,5,0
731831,729,168112,57223,1,1,0
1092323,662,773815,7244,12,2,0
1309268,747,224062,6372,21,0,1
1468732,533,57986,39873,14,4,0
1472568,561,431978,19965,4,0,1
716771,424,678960,51914,2,1,0
1030857,544,356918,44997,4,3,0
763044,841,746137,16956,4,6,0
743176,784,937314,40473,4,4,0
891095,421,741063,13894,2,1,0
1033727,424,105315,45048,2,7,0
1234978,848,319348,33382,19,2,1
1362928,469,282229,4050,22,6,0
1069474,423,702214,16709,17,4,0
285999,334,468013,15722,19,4,0
1266531,386,739629,52892,3,7,0
270640,500,695139,15210,0,5,0
396582,668,711567,49510,15,3,0
1992662,376,225687,36545,7,4,0
600573,358,296124,38674,16,3,0
1674271,730,842549,59715,7,1,0
261476,799,145213,34489,6,2,0
1555531,408,664704,17733,24,6,0
1415856,577,15896,20080,7,6,0
875510,367,89353,36664,20,2,0
1844044,368,29813,53412,23,4,0
898646,464,739791,58940,11,4,0
837144,788,65679,58971,15,1,0
614568,604,666041,39709,11,5,0
1434717,664,728263,59846,18,5,0
1098320,678,789660,46232,9,5,0
834736,642,397798,52960,6,3,0
1787261,653,209755,38014,11,5,0
1426607,715,273541,41152,19,2,1
1168021,408,956303,27250,4,6,0
1367756,796,299155,20229,15,6,0
266234,640,603471,51729,8,3,0
1812818,682,355398,48137,6,1,1
378352,832,437480,16475,19,2,0
1328035,599,566605,53386,21,6,0
609995,438,178986,57824,13,2,0
395004,658,215705,55744,10,6,0
666152,798,888921,46412,6,0,0
1973832,684,700614,43876,9,1,1
1307739,579,302240,29011,8,1,0
1724429,782,315929,8128,3,7,0
251934,410,52344,50227,15,0,0
1968831,438,770348,32450,9,3,0
625523,734,475859,18897,18,6,0
1040530,808,906814,8168,23,7,0
1702713,572,723906,6861,16,6,0
205486,398,988595,41758,8,6,0
1387983,403,458819,13750,12,5,0
1073332,513,159484,16988,0,5,0
1898884,464,110489,2979,1,5,0
1239458,819,444874,23524,12,5,0
1875659,583,493057,7065,23,5,0
420184,816,442765,37684,8,0,0
866490,463,782955,23184,6,1,0
1598228,363,11549,33365,15,3,0
1891188,390,464432,58876,18,2,0
522710,416,25739,23704,6,5,0
397775,566,807641,57857,5,0,0
489336,439,631339,5622,17,7,0
987494,545,15116,18261,18,7,0
1856940,694,544333,44932,10,6,0
1338356,786,943831,28419,11,3,0
1401193,775,35709,34467,9,7,0
745977,816,830049,25605,12,3,0
1599181,483,977643,29171,11,3,0
1112606,319,682265,22164,20,0,0
1089465,823,981652,49868,9,2,0
733636,828,727963,46197,19,5,0
1141218,446,229167,13796,17,3,0
238102,603,906211,36854,3,0,0
274460,527,305063,31320,23,6,0
1613354,401,869953,665,4,1,0
1338506,716,486121,32694,4,6,0
1779665,515,219222,24230,11,0,1
1876014,706,713806,22995,2,0,1
1976203,698,707788,26784,7,0,1
379208,798,965398,14605,21,3,0
1403273,764,998653,17463,1,0,1
413945,381,792879,8419,17,1,0
431915,664,529787,47952,8,3,0
927952,462,563329,57492,12,6,0
408124,347,293459,33837,6,1,0
637477,810,132371,5263,9,7,0
725830,628,382650,48877,8,4,0
1532397,415,660354,40719,21,6,0
1426380,636,750774,45687,14,0,0
1954279,446,212235,34131,4,5,0
239081,622,782119,37276,11,5,0
918216,742,924993,34523,0,3,0
555249,312,353791,519,11,5,0
1468506,793,294499,54615,21,6,0
1005497,586,335949,31106,5,3,0
717313,413,330511,44504,18,6,0
1463108,779,372050,10514,18,0,1
812380,321,379553,47456,15,2,0
1767908,648,863787,7233,18,2,0
1565413,619,116220,1102,2,1,0
1537682,425,221421,597,22,0,1
1276871,576,349317,46715,9,5,0
1262383,503,788428,19657,17,0,0
1684140,493,775359,45009,12,4,0
357504,846,830819,38549,17,2,0
1486643,585,3089,43565,2,5,0
1733584,356,885259,6256,22,6,0
892440,602,282803,56410,2,6,0
594540,462,307322,43148,22,2,0
717923,318,513269,29401,24,0,0
1415557,669,620253,41548,11,5,0
944699,563,605556,6554,19,1,0
219870,412,347186,12664,6,6,0
1152082,787,368615,42367,24,0,1
1451772,626,201798,48279,23,1,0
448683,841,332255,24386,7,7,0
1483253,364,237103,4846,8,5,0
226790,591,769042,26205,13,2,0
1891738,324,689925,25570,4,7,0
1011721,848,886867,30255,20,4,0
648345,300,89242,21182,18,7,0
949074,848,375348,39373,20,3,0
1736038,440,153956,43019,15,2,0
1788349,487,803631,16043,23,1,0
1334764,427,584326,45532,11,0,1
729036,500,582074,35754,20,7,0
1990705,426,896068,400,3,6,0
1913371,556,760330,19239,7,5,0
990141,846,835726,10416,6,7,0
848249,493,733375,3412,14,2,0
1278931,403,165250,16440,5,6,0
911131,834,930169,24406,4,6,0
651015,564,522820,1875,13,4,0
1654908,683,262678,53695,20,5,0
356542,559,878260,37066,12,7,0
1421992,713,822564,36536,9,1,0
505062,657,902152,5752,17,5,0
1812162,374,298254,21217,3,7,0
1750284,654,714114,12489,7,5,0
1066651,487,850012,1353,23,0,0
1310205,589,415685,26986,10,3,0
1576760,344,326160,21371,16,7,0
1741310,382,46233,39365,17,6,0
955195,422,916295,14691,20,1,0
490160,657,197780,4311,24,7,0
1796824,827,451448,48075,10,7,0
413920,365,748810,10794,15,0,0
1491380,674,106311,2934,11,6,0
1625541,461,558697,16406,12,3,0
1709433,679,770519,10394,15,0,1
1753068,657,936828,50361,22,3,0
853983,487,401954,26872,20,3,0
1664492,621,496246,41708,0,3,0
1021052,749,810486,49956,15,0,0
328148,773,29709,41093,14,5,0
1734837,312,633609,20800,5,7,0
1604116,483,363,43397,11,3,0
1441290,410,796790,57777,7,5,0
931899,807,494829,37909,6,7,0
483876,589,396456,21352,1,6,0
459747,594,465417,36439,11,7,0
815650,750,45689,28312,20,6,0
623570,514,264080,40060,13,1,0
475987,326,898704,15438,15,4,0
1227512,530,615362,23385,10,5,0
838353,620,175037,44999,19,7,0
1058158,532,208606,18482,8,6,0
217640,736,882,32471,9,4,0
252528,832,413440,47279,16,3,0
459214,702,891659,43877,11,4,0
1170240,352,779110,41212,5,4,0
701108,612,125865,54213,18,3,0
834421,580,648033,48373,10,5,0
1617077,330,424041,13026,8,7,0
1972802,636,463956,42089,20,3,0
1398735,482,28885,19648,5,1,0
1421078,322,695416,5435,24,2,0
355576,843,396419,8493,24,7,0
1124618,745,715601,6691,23,0,1
1065291,373,395460,59321,24,3,0
1086089,309,360466,2763,15,3,0
1128479,783,330763,20389,19,4,0
1259599,755,21584,31498,15,1,1
745735,459,794953,36009,5,6,0
588043,313,705377,35825,4,6,0
1534679,477,819973,16934,20,4,0
266203,711,553351,5574,3,5,0
1105588,352,70268,38179,1,7,0
360775,707,780594,1587,5,3,0
1257913,321,650506,42782,8,7,0
770715,329,380350,38688,16,7,0
1763299,559,458168,54412,13,3,0
1572249,504,748414,11688,6,4,0
564167,358,170635,4409,21,7,0
1595385,770,170824,5783,18,3,0
1878651,765,750593,33480,0,5,0
887281,311,395783,26751,19,7,0
1544027,589,409337,38174,24,2,0
620571,653,919178,57142,14,0,0
1375592,374,600699,56572,17,0,1
991267,740,109876,12041,2,0,1
1793023,540,983779,23227,17,2,0
697562,453,198153,35201,1,3,0
1951541,395,684500,36069,9,4,0
583934,593,664687,16654,10,6,0
517428,508,988167,26370,23,1,0
1567763,642,23331,29482,2,3,0
1242892,387,23004,59806,6,2,0
890907,689,238441,11586,7,7,0
282844,624,905675,50231,18,5,0
1800396,456,403708,5322,17,2,0
1413997,436,448013,13932,12,7,0
322402,727,189167,29299,12,6,0
1366588,751,931253,25179,23,0,1
638661,440,849649,5257,18,3,0
598929,382,613332,46501,22,6,0
780466,476,795477,57134,11,0,0
773695,497,282260,46136,16,1,0
663556,720,542955,9777,21,7,0
775278,700,337201,11249,11,7,0
1193176,770,598493,55366,12,5,0
1378049,517,27302,21390,24,0,1
1183049,474,404499,20369,11,1,0
678007,322,162007,12881,18,7,0
1044573,534,596822,9587,13,2,0
1665585,312,749702,28264,6,0,1
1567290,400,162696,8791,12,0,1
1474732,835,13440,41473,5,4,0
1417540,822,373145,22375,23,5,0
725303,751,308645,22611,18,5,0
1310389,730,394485,42026,18,6,0
227712,832,794300,7833,3,2,0
1873361,592,685611,52038,18,4,0
312816,400,340053,47013,8,6,0
1377354,801,608811,51805,15,1,1
1835156,603,694089,15754,3,6,0
485977,839,540022,42048,5,1,0
335230,654,697789,12577,7,2,0
1966616,602,172409,31095,23,7,0
1006741,795,433541,21248,15,5,0
469114,526,345744,35282,4,7,0
1583194,535,980018,36737,20,1,0
1204208,754,794865,52436,21,2,0
351456,312,507173,31891,9,7,0
1062312,509,664471,24124,22,6,0
1354146,696,628274,4566,12,1,1
470846,399,850185,2196,13,3,0
200404,330,638071,31115,6,0,0
1158447,827,211655,49941,19,6,0
903286,628,466836,19859,5,5,0
1523483,465,808183,11345,6,7,0
1922320,758,671813,59008,4,6,0
915460,399,741204,34077,20,3,0
1084574,472,432184,864,17,2,0
1913796,461,161149,12055,22,2,0
435365,562,239654,38157,11,6,0
542786,573,427991,19747,5,3,0
1299188,302,189216,44484,0,7,0
1010006,327,835002,11978,3,6,0
400244,625,177169,24599,18,0,0
1253385,448,810935,35771,11,0,0
363273,839,658139,46942,14,4,0
1957266,787,873272,57654,2,1,1
1393104,737,131827,46540,22,4,0
1755540,364,301407,17615,19,7,0
1698189,655,894923,40727,7,0,1
1287341,832,317231,44748,10,3,0
1564652,551,959785,51863,15,1,0
1134604,534,575770,39349,8,7,0
1043523,526,972361,56857,2,3,0
746237,824,122989,29377,4,7,0
1449728,612,410616,30031,19,4,0
1548464,348,826547,49573,13,2,0
900903,417,276393,42733,14,3,0
292193,353,768543,11760,5,4,0
1284763,343,964329,47690,3,4,0
705950,352,634649,33714,7,4,0
1386887,824,811032,25762,18,2,0
1110886,401,299850,50986,4,2,0
1000921,697,805654,34332,12,6,0
708153,437,361185,40100,15,2,0
1437665,686,890936,4944,0,1,0
786165,410,41139,48825,12,2,0
1684917,316,639207,13877,21,2,0
1560642,481,771965,29990,10,2,0
818362,835,303446,42907,20,7,0
887409,840,225756,34076,7,3,0
761419,470,349982,52138,24,2,0
840053,708,985663,49538,7,1,0
1060395,677,664006,55283,23,7,0
1879748,487,668903,58505,13,4,0
325917,529,749856,3258,12,3,0
1010717,418,678145,55273,2,0,0
1548346,455,864785,31629,3,7,0
898168,764,948910,37579,19,2,0
681680,403,351136,22958,14,7,0
1171375,801,837860,39465,14,6,0
481342,474,548065,20317,20,6,0
739542,720,57939,15775,12,7,0
1292814,433,446242,11039,8,4,0
201252,690,872882,29097,24,4,0
1026196,800,947057,34207,9,3,0
1064141,332,23548,22553,11,6,0
1734026,354,456437,44402,13,0,1
515826,818,954769,53632,0,5,0
1570214,311,649837,55,13,6,0
805605,827,433917,52476,13,7,0
527359,672,444503,23161,7,6,0
1851451,783,137799,32873,15,1,1
206949,527,765820,35969,13,5,0
963185,606,181789,15184,0,4,0
517537,756,425643,669,15,5,0
1977489,459,672052,12663,17,6,0
862301,630,555913,25318,6,4,0
750222,524,811350,33734,14,5,0
980722,803,434352,16691,23,4,0
1703678,755,901258,18522,16,4,0
1586465,344,639169,11656,18,3,0
676467,513,445625,15893,22,0,0
556600,358,802009,45857,12,4,0
1564133,494,347299,16493,8,1,0
1174304,788,111776,3632,23,6,0
1553038,456,885678,30336,23,6,0
450875,525,758284,23112,14,1,0
663389,711,782119,38452,24,2,0
270390,504,513624,13266,2,4,0
907689,378,212803,55651,23,7,0
453490,423,158761,51067,0,4,0
1815952,770,666514,16940,15,4,0
1496516,517,497873,24003,7,7,0
565340,815,357092,32872,22,5,0
633027,403,21341,34815,12,4,0
1756617,692,359698,30869,7,4,0
1566199,733,205753,49297,16,1,1
1465040,630,894230,17257,21,0,0
1991305,442,308474,16682,22,0,1
1759312,839,773429,19622,13,2,1
1565843,577,349903,30408,20,1,0
850199,532,723776,8837,20,4,0
423777,828,780427,15407,6,0,0
1059909,389,348951,29309,14,3,0
1254145,791,819745,6382,15,3,0
794124,498,309044,27654,18,3,0
828861,661,78840,18895,5,4,0
629802,740,165767,55748,22,4,0
458090,325,161297,33551,0,7,0
1915951,324,872504,21376,11,2,0
1293578,693,882799,370,17,6,0
971954,806,49156,48676,15,2,0
861614,600,208281,486,11,2,0
879574,638,87453,23762,19,5,0
698870,566,683189,26613,12,3,0
1460367,760,998412,47268,7,4,0
402846,755,25938,3196,21,3,0
1910026,659,59164,42320,0,2,0
866997,367,447746,53439,20,4,0
1926351,711,723559,29401,6,1,1
1272647,790,584570,35029,14,7,0
1831107,348,309945,10813,21,0,1
1228455,401,402681,41916,12,0,1
1112259,515,265470,8572,12,2,0
372312,737,921163,47776,8,6,0
1505794,458,977793,28225,23,3,0
1463455,788,682954,45853,14,1,1
1612290,541,115819,49390,3,4,0
626650,304,266907,32275,12,6,0
531868,660,481873,6843,11,3,0
1801596,758,141900,1105,4,2,1
1894329,547,309732,50538,6,3,0
1128818,721,797653,59896,7,2,0
1665746,314,404427,43209,4,5,0
257108,421,537857,31639,8,0,0
1729297,576,227966,42487,13,6,0
1359771,752,37860,18051,11,0,1
1285244,689,202630,28708,3,3,0
485205,593,831769,35459,19,1,0
1589972,745,523225,56908,7,4,0
1812613,509,969815,11864,16,2,0
330560,601,668875,34764,7,4,0
1247172,522,595983,1425,20,0,1
1615400,302,253078,49146,0,7,0
347979,817,766887,57175,19,1,0
1398425,392,368893,6849,1,1,0
948589,819,155976,36015,3,4,0
251745,727,715295,18976,23,0,0
1619184,792,830222,34258,20,7,0
291865,534,855012,50376,0,4,0
1461466,460,992652,51739,6,3,0
1272200,630,5636,56866,0,1,0
223321,632,261578,52216,8,1,0
603704,349,339273,47078,2,3,0
1009006,822,920396,56956,11,0,0
1422869,791,283816,31113,18,1,1
1127982,571,792244,49984,14,6,0
386717,551,227693,15401,21,7,0
1228202,389,521393,12884,15,5,0
1629551,745,654,18824,9,5,0
383868,631,578921,37563,21,5,0
859792,438,17143,34414,5,2,0
295257,656,580222,16142,16,6,0
788579,573,329478,47074,20,2,0
410176,318,627751,49592,21,0,0
390471,610,125851,5956,23,3,0
1114032,453,553375,13928,16,4,0
672930,689,666978,9721,20,6,0
1991667,559,794878,11157,18,7,0
1767438,424,888559,35135,17,0,0
1724350,653,311011,6696,10,4,0
1117559,572,444244,27862,23,0,1
835605,544,846533,5190,6,2,0
1388365,749,158272,4663,9,5,0
589593,546,226179,39830,6,3,0
1015131,819,874506,4331,4,2,0
1322262,440,716825,58648,11,3,0
267661,661,502716,52186,15,6,0
768535,307,217508,44648,24,4,0
1493697,777,642710,28549,20,0,1
1920684,651,350036,16246,17,1,1
1615833,794,219631,25761,2,1,1
466765,726,382188,3262,19,3,0
1394682,338,39148,46088,14,5,0
1507506,486,869360,51259,4,5,0
860482,392,151770,7036,12,3,0
1004462,385,435686,59184,18,2,0
1069270,343,485287,53472,11,1,0
648874,436,838092,22322,22,2,0
1811502,720,971414,19131,20,4,0
1053499,373,821882,4677,4,1,0
1223980,847,711823,7972,5,4,0
318033,811,295901,15329,6,0,0
830265,455,78012,37032,9,2,0
813157,554,893182,35901,15,3,0
1878050,470,913475,44380,7,1,0
1021106,469,987751,50617,8,2,0
1415502,621,989519,20493,3,3,0
1819135,755,948894,18595,20,0,1
1060120,454,56116,21923,20,1,0
631734,648,144233,46926,7,4,0
1621796,750,32152,9735,24,0,1
865627,472,997675,34457,6,5,0
421897,309,106379,42531,14,3,0
201062,564,226905,7727,20,7,0
1496312,737,20836,7764,2,1,1
1823312,546,221439,53693,16,1,0
295462,845,984047,52693,10,6,0
1648021,798,186720,45771,8,6,0
1698585,428,157403,27599,4,0,1
970173,626,141835,818,24,1,0
772203,703,855876,47207,9,3,0
1515352,658,617397,47845,14,0,1
1877456,316,150259,37289,13,4,0
858956,573,143029,33892,3,0,1
1620499,415,397595,5660,20,0,1
1647960,390,945463,29521,19,7,0
1880963,381,606306,38409,1,4,0
731849,623,647364,50281,11,5,0
667010,413,682465,34470,0,6,0
1855016,357,394093,18385,23,3,0
1897900,453,703713,23296,19,5,0
586193,703,870220,53030,4,5,0
226734,565,883302,23616,5,5,0
1123875,614,739945,26382,23,6,0
226069,340,345452,11139,10,2,0
1983841,404,444783,55483,7,6,0
737198,492,320057,32060,6,5,0
1584199,700,526925,22419,3,2,1
670951,577,465994,27785,5,4,0
281264,653,828457,15702,15,6,0
223275,555,762277,59496,19,3,0
796562,398,756547,29217,14,5,0
1723241,581,361652,39291,13,1,0
562920,702,606752,12397,22,4,0
391076,408,290886,40879,11,2,0
1442629,498,536119,57888,11,6,0
1202163,602,113768,35169,15,3,0
1958489,626,771271,26940,14,0,1
772735,453,347236,42249,12,3,0
1112826,704,877311,28341,10,3,0
799991,761,874802,10067,16,5,0
1062522,431,912969,46144,20,5,0
1003692,383,964266,13824,14,6,0
1361157,698,629112,13444,13,6,0
1514532,408,88741,45647,9,7,0
621240,520,18830,58126,11,2,0
1962592,667,317188,48880,15,7,0
1102580,446,860380,33307,14,6,0
1144789,411,69202,10974,9,2,0
1209940,793,299189,46614,3,5,0
316421,804,217394,38383,22,5,0
725893,774,510473,29290,8,1,0
1712950,570,202123,16016,20,1,0
272303,720,893941,32112,19,4,0
358211,666,157699,28513,8,5,0
1194653,579,277342,2956,20,0,1
387210,582,855953,8077,24,1,0
1062557,339,504655,36490,23,2,0
344990,488,630759,44827,19,3,0
1407094,463,815907,59177,10,6,0
324040,835,236824,37855,10,6,0
868406,835,512214,43106,6,4,0
1771714,303,19403,55612,20,1,0
618034,589,3681,34938,9,3,0
956254,732,353699,36159,3,3,0
1233255,770,905316,39710,4,1,0
990756,480,879554,18000,4,0,0
995543,547,639548,13806,10,0,0
1155614,578,697652,47560,8,4,0
740677,553,629674,12809,15,7,0
1895041,480,757666,14855,8,0,1
1552147,808,398845,41876,21,4,0
1197083,625,93246,29388,3,7,0
1932682,656,95864,6458,1,7,0
1371459,690,208886,35524,13,2,1
1991822,384,270561,6853,2,7,0
962501,616,381032,40477,17,1,0
587952,511,165837,32222,20,7,0
312221,814,860931,18320,5,3,0
1230117,683,917340,28618,10,4,0
999666,641,245160,52243,20,6,0
460669,337,187646,45615,17,0,0
959224,810,483761,17352,11,6,0
1039873,719,783566,7297,4,4,0
725134,468,814107,27940,8,5,0
1783818,642,256681,49024,19,4,0
1589959,605,465483,3203,17,0,1
444761,841,695923,39267,18,5,0
1032946,836,535620,37941,2,5,0
1074668,411,779105,17273,8,7,0
337541,710,805609,25368,3,0,0
1147609,505,916992,11650,16,5,0
264323,484,220326,30984,16,1,0
816210,681,723807,41941,22,3,0
1437715,795,261849,7382,22,6,0
1429024,678,319248,52683,1,1,1
1949523,346,346479,801,8,1,0
1154480,827,377082,41002,8,0,1
435659,803,80730,46665,4,7,0
589678,321,398167,47965,14,0,0
1054016,512,237474,19733,14,6,0
1353113,609,290477,57157,2,3,0
1064909,571,283817,9969,18,4,0
441983,501,900853,35969,2,1,0
1815397,331,565158,16733,5,5,0
988260,742,253017,32449,3,3,0
1250493,461,651824,26143,23,1,0
482762,553,333245,25705,12,4,0
1805118,820,809253,28363,12,7,0
986275,779,25494,30720,10,5,0
1616012,309,623765,9972,4,1,0
1758506,804,388227,33351,0,2,0
771650,735,729520,45487,8,6,0
482272,410,374842,36145,16,3,0
585925,452,373704,22412,21,6,0
966641,401,394051,24078,0,0,0
914743,490,280790,22580,2,1,0
789833,380,123777,56235,14,5,0
1330756,788,601648,14855,20,5,0
1860822,387,299479,36169,22,3,0
603081,493,855783,46404,9,3,0
1119723,403,901366,19569,7,6,0
501953,395,133501,59538,11,5,0
578892,722,304094,54437,24,5,0
205287,497,584942,48506,21,5,0
1506241,300,369566,25738,14,1,0
1257088,706,372078,6772,8,5,0
856702,677,119975,24874,23,0,1
1704868,466,723503,19731,24,5,0
1357448,808,353330,10131,9,0,1
293070,612,366378,788,19,1,0
1852631,717,626614,54097,8,3,0
822117,776,77527,16184,14,7,0
1144118,372,348848,30897,22,0,1
1678050,440,948603,2889,20,1,0
1211293,561,432601,9569,20,7,0
1290654,639,166991,21657,0,7,0
1617008,607,96952,10141,1,5,0
807812,544,847214,19656,18,1,0
427645,814,333260,58221,13,7,0
1785083,636,465806,21618,7,5,0
986667,375,876058,11934,5,6,0
1553649,474,433603,42537,11,1,0
1375885,408,671183,23286,14,7,0
1578164,482,46015,7612,13,3,0
1912503,491,102877,51644,20,0,1
1088266,364,277483,32069,0,6,0
1712584,773,523165,16205,10,3,0
1969377,399,658851,27331,24,2,0
546699,843,393922,55897,2,5,0
1584418,427,621781,13934,18,7,0
586594,751,671088,10095,17,0,1
972608,668,924501,25958,19,3,0
1909351,342,496753,37008,1,0,0
1940095,718,715768,18706,24,2,1
1292501,787,975601,43516,6,4,0
1244027,377,391670,38066,7,5,0
337023,569,431739,31472,18,5,0
1335964,614,645936,34629,21,1,0
732295,467,287307,46910,14,7,0
1506378,638,673078,23004,9,5,0
1683624,492,611796,59210,21,5,0
258596,752,739127,20431,0,3,0
1148027,582,301763,56733,5,6,0
551005,635,274270,40088,12,5,0
1073172,689,589214,44135,13,5,0
1788388,824,40633,50250,2,7,0
722244,539,208726,38015,10,2,0
1661074,782,3317,34502,2,6,0
879290,757,307124,31385,18,2,1
699097,388,830547,4663,9,7,0
849789,394,717006,38677,14,0,0
1396632,751,829590,52568,10,0,1
1262636,727,711323,12818,14,5,0
1986921,450,440847,22686,23,5,0
1725848,813,704676,23977,12,1,1
1767121,675,367508,49832,4,0,1
1029735,321,452558,40931,3,3,0
1438855,612,277648,18454,12,5,0
930406,818,723953,13358,8,3,0
1933223,505,419876,6668,24,5,0
1288287,674,823628,45784,16,7,0
1391602,750,852370,40769,1,3,0
535484,478,926109,9921,23,4,0
665317,509,319532,34959,4,3,0
1189024,799,212369,32328,15,6,0
418134,763,579789,8859,6,0,0
1351550,423,708669,58956,0,5,0
1398222,412,27043,23970,11,0,1
1650976,311,33635,8872,20,6,0
1398744,425,210387,58316,10,6,0
1840592,630,80691,19230,11,3,0
889376,582,499730,26708,18,2,0
1784110,439,819564,18847,11,2,0
638774,700,801798,55989,11,6,0
711937,396,93944,27105,13,2,0
611597,816,727467,59847,1,5,0
1114228,368,455796,4922,1,1,0
1153959,417,901699,4392,24,4,0
292263,358,515578,52335,3,3,0
1121522,332,975393,13541,19,1,0
1784166,617,997057,19551,22,2,0
1053938,349,39236,19381,15,3,0
1814021,788,266294,47783,9,1,1
1827781,318,373513,55673,12,0,1
1472386,496,805855,35995,1,2,0
1345222,749,528425,22948,2,7,0
545266,751,554280,26728,18,1,0
1738601,588,896972,59072,5,7,0
680703,440,115140,2024,18,5,0
1174323,383,175993,16713,20,0,1
543054,690,645513,2486,19,2,0
1106862,514,472585,1155,18,4,0
1516128,825,853349,10082,7,6,0
1307955,514,335834,37245,13,2,0
1273629,702,296379,18569,9,7,0
1651238,427,210047,7086,2,5,0
1904858,776,543410,2317,5,4,0
298723,703,286100,36389,14,4,0
775644,328,63879,4491,22,4,0
1521509,637,582848,15916,22,3,0
1053088,660,372454,15248,17,3,0
1280730,691,724045,2511,13,7,0
1462518,517,942164,24226,18,6,0
464480,501,237268,25025,9,4,0
1614397,316,479280,42314,14,6,0
481173,621,507656,48380,3,0,0
1045633,817,787600,7848,22,4,0
1280841,624,307268,14274,1,1,0
1613636,711,691257,54556,2,4,0
1491898,617,670392,54545,6,7,0
1234057,381,314941,30958,22,3,0
1423520,773,821726,50445,15,3,0
1819061,767,437043,35233,9,1,1
1696972,724,789948,16304,18,1,1
1403358,503,150823,48437,16,2,0
1933422,686,554661,11294,18,0,1
1320483,397,122026,26425,4,0,1
402967,644,30270,3175,22,7,0
1551351,507,927890,40617,19,7,0
1639758,813,232931,45241,12,7,0
1530823,465,720177,27775,12,7,0
264772,321,65184,9425,10,7,0
326108,453,507532,26013,10,7,0
1262958,738,735053,27928,15,0,1
1332867,594,562167,44990,14,5,0
563339,518,311741,41212,16,3,0
1907692,794,956636,8210,21,0,1
1531329,529,3626,2759,17,7,0
347550,319,610224,16091,18,2,0
1480626,447,495395,54407,3,2,0
632882,407,759161,57566,21,0,0
537827,702,605803,2,21,1,0
1247843,782,208137,57282,22,2,0
1740889,666,579678,50411,4,6,0
1635434,713,934149,40958,6,1,0
1903194,608,747320,30160,1,6,0
795603,433,578432,20707,0,3,0
588349,582,144454,15248,11,5,0
1262729,372,528313,5773,9,2,0
1226919,780,436442,12786,7,1,1
1849189,651,341524,51720,0,7,0
1489349,625,254043,15037,11,6,0
1303894,742,643198,1885,1,0,1
594030,399,462927,39828,9,6,0
1625753,358,620343,16331,21,6,0
276077,807,388333,40612,16,3,0
1076906,557,730070,22495,2,4,0
333515,712,920947,13450,6,4,0
1193497,751,807827,9491,11,0,1
1455564,364,797157,51490,7,3,0
325885,453,557749,9268,19,3,0
1096209,565,258072,52910,11,7,0
741656,378,565403,27757,2,3,0
870688,614,110084,53962,16,3,0
388014,547,345876,41907,8,4,0
291751,713,473006,6791,9,1,0
430203,324,341701,39939,21,3,0
1013738,583,857692,28314,5,1,0
895275,748,684050,51883,24,6,0
1023651,600,787839,28583,0,6,0
1460527,367,73568,50021,21,3,0
1753731,306,58560,21550,11,2,0
395716,436,964844,93,4,5,0
784567,463,148866,35755,12,2,0
515172,382,150953,45615,14,6,0
1090695,719,741652,9967,21,5,0
200126,372,761058,16218,10,2,0
1038761,536,226024,43220,7,3,0
1276208,345,180775,8627,4,1,0
700315,561,961858,4947,1,5,0
1969246,475,91288,39419,11,4,0
1358521,465,471678,56131,1,0,0
517320,669,381164,23178,15,5,0
1499445,353,885733,28876,20,5,0
941426,718,774124,22908,2,4,0
698716,806,14390,35912,9,3,0
1243917,640,497619,19971,18,2,0
1423975,426,218547,32584,7,2,0
662120,708,551595,49228,6,6,0
1383445,666,227436,58159,0,1,0
378954,570,225121,8959,11,3,0
869078,678,251063,55705,4,4,0
1283136,372,24502,28261,15,3,0
484260,547,546774,41065,24,3,0
332717,342,373957,39462,3,2,0
1427171,676,693618,15835,16,4,0
848373,340,713076,19257,23,7,0
579862,469,228300,3346,20,0,1
694592,511,103920,30807,1,5,0
1348734,792,736854,30418,11,2,0
1957109,338,344912,56176,0,4,0
1417078,668,928252,52300,11,1,0
1681074,450,587073,11340,11,5,0
530388,410,600338,58809,11,5,0
1915630,779,547026,59931,18,7,0
518408,735,74231,33012,24,7,0
668276,346,73606,35393,16,2,0
1214920,665,486517,36617,19,6,0
257545,368,303806,9597,23,1,0
711411,598,380457,25557,23,2,0
1025656,595,227369,7737,10,3,0
1220020,502,999738,46792,12,6,0
1084377,360,801555,44768,7,4,0
213224,613,493896,41101,9,7,0
240738,460,156688,17276,7,1,0
1142654,630,495898,54639,19,5,0
1429336,827,273326,56403,7,2,1
1217433,637,876801,7310,8,7,0
666725,603,455229,35167,6,5,0
863937,802,162403,37408,13,1,0
1780934,637,701458,19344,1,7,0
1374737,849,26128,10391,24,7,0
1781530,574,31556,56477,10,5,0
1044193,463,258470,50621,7,2,0
498512,742,677236,10892,12,6,0
862143,618,140021,11197,20,2,0
766202,803,576250,13050,14,0,1
1450155,686,614342,36142,2,7,0
852026,793,517200,45679,22,5,0
1196530,789,202278,41615,13,0,1
971253,372,548387,47553,14,6,0
704471,808,235943,43728,1,0,1
1578246,689,930220,13535,18,5,0
1006388,594,183683,41002,11,1,0
1467543,668,694245,43271,24,3,0
583152,848,315288,57075,19,6,0
1154652,486,196292,5122,3,2,0
294270,744,532125,9852,2,4,0
1245482,662,180427,5387,4,6,0
1791961,422,178371,31759,2,0,0
1914331,487,936663,40399,24,1,0
1395889,719,911644,39994,14,5,0
358768,551,903112,37876,18,1,0
1495302,848,772291,51376,1,1,0
770451,634,368946,34878,11,5,0
219816,391,626701,33725,4,4,0
1167344,829,51012,7146,21,5,0
957907,362,130193,560,16,4,0
514997,811,976809,58674,13,5,0
1404565,438,218168,56565,21,0,1
1869595,484,148178,1312,9,4,0
1925502,504,58123,18205,2,0,0
1455100,513,111825,11595,3,6,0
1835687,555,533008,22030,5,4,0
1238896,434,168733,21329,23,4,0
1400454,387,770391,38142,24,5,0
930880,506,224970,2651,21,4,0
1774623,428,224866,10006,15,0,1
981452,302,938624,42701,6,7,0
1683741,420,150862,53853,14,6,0
333554,684,582943,48940,20,7,0
651282,337,715003,35645,24,5,0
1342077,640,617736,21966,19,2,0
464223,320,178446,27846,10,6,0
1308252,541,698267,21774,21,7,0
1990380,754,181143,4083,20,6,0
1422108,602,644795,33513,0,7,0
1863261,368,296956,8749,4,0,1
797135,428,836002,30783,12,7,0
1866471,495,313045,17325,20,6,0
420178,439,60186,53175,13,2,0
1398097,743,122066,18680,8,1,1
626752,582,390508,17323,16,5,0
788365,611,705611,50762,14,1,0
1024690,834,720531,22684,20,5,0
903662,576,36160,34493,6,6,0
1505585,360,19156,58328,21,5,0
1386293,618,76208,58931,21,7,0
1630491,351,473196,12213,11,0,1
762288,452,465536,31831,22,2,0
1799601,610,673289,42296,5,5,0
500709,843,459822,46930,20,2,0
1143026,688,231226,27713,15,5,0
1434816,847,455775,41621,4,2,1
1825351,476,447421,7187,8,1,0
1523062,661,766054,32800,13,0,1
1551526,613,461691,32583,7,5,0
1559490,396,719701,47661,13,3,0
1327199,512,881809,14408,11,2,0
1613897,436,305007,22369,9,2,0
1217289,305,737197,47928,19,7,0
1107425,408,65439,3414,19,3,0
383675,846,662554,50308,20,0,0
1985910,338,726747,19510,12,2,0
1878811,724,645649,57404,18,0,1
852465,560,212986,12120,14,2,0
1465030,725,197286,34311,7,6,0
1198748,386,882608,33039,22,4,0
1358151,764,492508,5295,20,6,0
1233024,375,29777,20460,9,2,0
1456182,770,256427,14963,2,4,0
705815,713,681543,11580,20,5,0
1541398,756,420661,22286,2,0,1
276218,584,198110,27328,4,2,0
787518,538,349345,19093,15,7,0
970044,671,933702,58498,16,1,0
1584775,794,414627,21605,5,7,0
649589,344,705937,45365,19,1,0
1935416,700,278011,44813,19,3,0
678446,546,586789,46371,15,1,0
662052,749,145338,42705,23,4,0
1582978,784,825854,47598,1,1,0
1288562,317,690568,57681,19,1,0
1928096,588,501754,6722,14,1,0
547739,713,645832,40969,17,2,0
1874222,534,424429,36912,0,3,0
672327,715,662727,38374,18,0,0
1575649,798,779518,6766,11,3,0
797794,414,996530,49882,7,7,0
234911,533,559650,15928,5,4,0
625037,839,250449,21274,11,2,1
930399,310,313732,34416,6,5,0
1178039,505,169357,20612,17,2,0
1099885,546,650971,34898,21,6,0
808746,426,780445,47160,13,1,0
1260751,446,205827,29047,7,7,0
1105667,417,202918,43356,23,1,0
516915,681,298451,37134,19,4,0
699876,711,342424,1506,21,5,0
1894164,662,413083,51310,13,7,0
811213,808,842955,52068,4,6,0
968734,436,923882,15222,8,2,0
1314934,474,740045,12363,7,5,0
1659119,588,107669,19613,1,0,0
247057,780,732318,44563,15,3,0
1516870,318,158998,30628,12,2,0
454726,494,627503,42626,6,5,0
478176,629,622995,45384,15,0,0
1775062,474,406396,55417,6,0,1
908754,748,617125,4136,13,6,0
1137583,653,904502,46246,13,6,0
1415868,798,954435,11161,11,3,0
344931,440,941518,35457,0,0,0
1692252,392,245847,23574,0,7,0
362491,538,227544,26902,11,4,0
1629585,504,866304,2810,19,0,0
601921,732,976006,59860,20,5,0
460910,544,874168,11663,14,6,0
1271812,616,267614,6152,3,4,0
287955,594,227467,12,6,7,0
1989450,581,146025,11162,15,6,0
827433,316,759940,22322,2,7,0
1919294,370,956011,7999,6,6,0
1479361,568,512177,7219,23,6,0
1343490,624,879401,5328,21,0,0
407990,604,615781,3621,5,1,0
578387,750,792955,52835,15,0,0
738884,306,217995,24256,23,6,0
1196261,613,712550,44433,7,4,0
1905215,402,965265,54462,22,0,0
1442845,492,293313,11314,21,6,0
592417,828,569929,652,5,6,0
1180020,470,154062,54951,9,0,0
338155,836,553949,16182,15,0,0
1369250,550,668779,41580,10,4,0
1106739,686,800889,36558,12,7,0
1505289,506,854032,15659,5,0,0
1690077,840,627907,34413,23,3,0
743351,715,338246,10435,0,5,0
267642,679,557373,53664,20,3,0
290093,443,97064,53911,18,4,0
1756182,324,706014,28067,11,1,0
417215,372,399346,22258,23,3,0
1955856,392,630011,28287,5,7,0
1932465,804,133114,3688,17,6,0
235954,635,856566,7689,12,5,0
1276432,724,829414,1379,6,2,0
726861,798,491638,37011,22,5,0
759655,663,851617,43005,12,3,0
695553,498,557765,27624,20,2,0
962092,712,638449,25964,7,4,0
1086040,638,839141,22891,20,7,0
522918,728,684076,49098,16,5,0
1272328,438,340281,56971,8,1,0
1041461,841,822450,57745,19,2,0
348757,356,139133,51805,12,2,0
1562413,531,663969,38379,1,5,0
316739,734,297515,55279,3,3,0
1486585,683,765710,12516,24,2,0
980316,493,345165,13886,1,4,0
1456556,833,414021,20307,3,5,0
1505185,817,270001,24843,17,4,0
1637398,484,666980,46484,4,5,0
536676,591,532465,5912,18,4,0
1592714,634,423327,21514,9,3,0
1566853,415,251842,21823,17,5,0
1214929,348,350722,57032,24,7,0
1766847,381,614229,28797,20,6,0
523412,632,782409,6449,9,1,0
685417,634,536114,1725,4,3,0
1680035,831,669250,15870,16,4,0
388456,520,344572,9304,21,7,0
755941,622,510283,7522,12,5,0
1406305,302,650332,13663,22,3,0
428504,505,713391,4784,16,4,0
1894693,339,512656,9472,8,0,1
852665,358,505350,50384,23,0,0
1774486,806,337164,28952,11,2,1
773044,421,529783,10055,13,1,0
1289385,778,28481,29508,13,0,1
1789589,395,666627,12676,7,6,0
916756,713,904329,25192,22,4,0
251226,534,761062,24722,4,3,0
699512,361,137815,7446,18,5,0
1854046,555,972304,53768,13,3,0
1724357,647,627763,4725,8,2,0
1277978,423,704133,20061,6,7,0
1252839,781,319186,47537,7,3,0
1240993,616,49476,22671,13,0,1
1426476,803,747465,57632,21,3,0
772212,347,290696,1409,13,0,1
536326,708,720602,8205,10,0,1
424137,435,438988,16365,13,1,0
1700844,500,961234,256,20,2,0
1129168,549,684308,50873,7,6,0
1546457,613,207383,15704,2,6,0
563476,667,69093,50575,22,4,0
1600283,728,593411,29902,17,6,0
1933309,779,16535,54105,2,0,1
1759161,613,328634,35758,12,5,0
891757,799,570850,1195,11,2,0
590719,654,381186,53711,14,4,0
1727937,784,256323,53517,17,6,0
1349947,510,875512,34012,4,6,0
762997,343,258916,11415,6,5,0
1233578,840,713895,39534,10,3,0
1440768,391,230063,21686,10,2,0
1398898,564,41269,11662,14,5,0
221172,519,80674,48978,9,6,0
735843,741,828894,28743,14,2,0
1196121,700,920631,32161,12,2,0
1826140,699,285291,50458,13,6,0
781780,789,438744,43081,16,3,0
908362,784,601383,2402,12,3,0
713319,769,768460,49648,9,6,0
980298,744,724291,52551,24,2,0
1076031,568,90925,13275,0,5,0
1470896,566,590669,28182,0,1,0
1666554,353,623756,14915,14,0,1
1259622,827,242330,909,15,3,0
428071,819,850181,48574,11,6,0
578165,358,956176,372,23,7,0
908662,339,13731,22620,5,1,0
616366,536,386791,34112,5,3,0
1515573,685,972016,8515,11,7,0
1212117,599,491874,2431,24,2,0
845188,694,575312,21054,14,6,0
1731191,506,641000,51936,3,1,0
615008,635,101121,32624,23,6,0
1831993,813,265976,10585,3,5,0
1454126,477,556620,48230,1,5,0
444883,695,12467,31958,23,4,0
1886994,670,41025,58559,11,0,1
1709090,617,144179,1695,6,0,1
1149491,668,77994,34675,19,3,0
871210,683,94202,53966,8,0,1
1129616,361,567769,49932,8,6,0
1370365,804,395797,33787,7,6,0
879418,538,599406,44225,13,4,0
900780,494,386154,1403,0,7,0
1811754,521,444854,17810,22,5,0
1314593,360,648002,8855,20,7,0
1426952,428,925922,38636,22,7,0
1936857,455,748987,10839,11,1,0
699137,677,160185,10,24,1,1
856884,736,84363,39098,1,5,0
824712,506,910039,47829,12,2,0
893264,687,325188,9230,3,5,0
1041344,779,211027,51977,19,1,0
1806872,639,978534,40232,17,7,0
1641852,639,273958,47514,18,3,0
1978602,503,361484,35771,15,4,0
807847,460,272168,29256,13,7,0
1303913,839,718648,25651,7,5,0
1097048,691,895668,32383,11,2,0
1524070,833,582124,39963,8,7,0
1272930,369,269579,55872,5,3,0
1293762,704,984588,52240,17,5,0
752433,816,255095,13662,1,3,0
627236,419,857033,13739,22,7,0
1858987,516,481632,48356,7,5,0
1748459,355,261176,1789,23,3,0
1979122,665,383015,19420,13,6,0
940829,803,249717,23761,5,0,1
1793445,754,658767,40366,9,3,0
1861793,403,885375,37606,7,6,0
485195,376,32940,38640,16,7,0
775762,529,529954,52805,24,0,0
816036,557,299266,44135,11,1,0
1374571,563,905079,37067,16,0,0
1494266,630,156164,58420,12,3,0
1580346,481,916185,17357,18,4,0
993392,849,909834,39851,11,4,0
628988,326,206717,38262,15,1,0
380553,575,363334,59209,24,3,0
760696,598,362612,11317,4,0,1
1080438,390,915639,58643,24,4,0
1508144,779,26505,52558,15,5,0
519278,757,561001,21534,24,2,0
1400139,750,447603,25734,5,3,0
1905277,664,829601,35897,10,6,0
899983,650,204354,32872,16,6,0
1863191,699,601799,40201,22,5,0
593554,552,969246,7689,13,5,0
1451079,758,826954,3567,5,3,0
1391902,798,212204,20732,24,2,1
1955796,807,250694,20774,22,4,0
1259920,603,249836,23195,10,2,0
594966,800,758849,50333,11,1,0
1840821,465,885829,37412,12,0,1
305423,714,528168,47734,3,0,0
520197,761,436670,44098,6,5,0
664071,413,973215,22257,1,4,0
871256,732,567827,4394,5,2,0
386833,655,240056,36302,5,5,0
917912,506,985825,22228,17,3,0
975435,534,219057,55091,19,5,0
277454,741,539087,12388,7,3,0
1506170,654,507800,11319,7,3,0
1760473,814,104843,6475,7,1,1
1601320,507,977606,31555,7,1,0
1109164,424,443942,18158,0,3,0
1764718,437,48784,14728,1,7,0
1145439,638,113034,44774,11,4,0
237641,836,960837,29545,14,1,0
1802575,367,434044,31100,3,1,0
1617616,840,724886,57435,24,0,1
1916118,682,54362,16150,2,5,0
812121,318,53997,33214,13,0,1
518420,749,181413,32876,21,4,0
481685,373,412289,3239,22,1,0
1724102,575,364543,38699,7,6,0
1293389,347,800981,36821,12,7,0
1941134,510,843352,30615,22,1,0
864180,839,740686,13746,18,2,0
486214,490,468731,20921,21,4,0
1128626,614,784752,22745,4,6,0
542703,412,413532,1245,12,5,0
404615,469,157255,51872,19,5,0
1725233,767,880292,46607,0,6,0
1814650,313,548912,24853,15,5,0
1998870,587,717875,27632,22,7,0
599953,488,759072,12856,23,6,0
1171741,454,478997,56893,1,4,0
1038003,770,570993,5105,6,6,0
1536230,374,613614,35690,5,6,0
481570,576,419972,2513,4,2,0
1285841,642,846822,58182,3,2,0
1497897,724,68369,2801,1,0,1
266150,810,201893,32345,9,4,0
1860176,481,271733,13895,21,4,0
1338189,757,637300,39749,4,2,1
537054,363,931620,8221,17,3,0
321826,559,859613,55654,9,3,0
759723,492,700146,6038,22,0,0
650348,705,750046,32031,21,7,0
1458593,392,647999,55381,14,3,0
1199554,729,76425,58601,8,3,0
334055,733,947790,15082,10,3,0
690457,703,496297,14648,20,7,0
876022,733,540282,364,24,1,0
1009942,411,111915,34568,24,0,1
1982123,674,385105,14110,16,2,1
896358,358,483414,5958,20,3,0
1698638,342,104672,9096,8,5,0
1342647,506,813071,7436,22,6,0
1555267,595,279349,21177,15,1,0
1041052,417,318821,26754,5,7,0
346389,831,32930,24544,21,7,0
1888472,521,73313,12638,10,7,0
469708,465,749211,179,22,3,0
1931281,455,113153,3873,16,6,0
838112,483,485725,53112,3,6,0
1211727,389,804748,17570,14,1,0
454444,393,944808,48223,0,0,0
803561,312,232911,17157,21,7,0
1061291,737,96058,45565,19,5,0
411837,837,87876,4460,0,5,0
310017,449,609654,48084,8,5,0
323618,307,537691,352,11,7,0
659297,328,342196,56095,3,3,0
1373917,595,772838,21586,21,1,0
1220154,639,261420,5344,12,7,0
1015862,738,477843,4507,6,5,0
1979468,443,335639,37598,7,6,0
752076,818,163004,43988,12,7,0
950865,344,358234,32885,10,6,0
641759,538,298845,16865,8,4,0
1082554,454,396601,37055,24,7,0
1812838,480,776684,27213,23,4,0
1093741,514,581529,55954,15,1,0
740659,387,665727,57450,9,7,0
622845,555,65030,4477,10,3,0
906544,810,701865,6533,11,3,0
524060,372,164404,49395,13,0,0
1846836,478,207397,59976,18,0,1
1441835,511,952772,23396,11,5,0
475128,533,479702,12755,17,2,0
1019471,764,418779,865,20,6,0
809719,522,105185,11173,16,0,1
1070123,563,36404,58905,2,3,0
1045038,506,55182,38097,0,6,0
1652408,665,295135,33371,18,2,1
1089097,575,628889,38524,3,0,0
1878237,679,703023,11254,22,1,1
1429720,608,852318,4018,15,4,0
450195,567,646290,5192,11,0,0
1392324,363,345992,2015,20,7,0
1652608,649,941631,42618,20,0,0
232733,793,844124,3380,12,7,0
1989616,822,225461,28343,16,1,1
726338,397,823932,3770,7,3,0
309996,370,820217,5829,12,5,0
758221,663,608434,34381,19,1,0
749239,575,488195,45915,4,5,0
756701,349,572285,15545,17,0,0
1414449,657,531458,18263,14,3,0
1959555,784,144375,38140,11,2,1
1150417,383,333887,53260,16,0,0
1099005,595,471068,43306,24,1,0
1236580,535,35187,25675,14,2,0
633816,355,720394,58418,1,4,0
1961711,659,989280,25362,5,2,0
1470464,409,657253,148,16,1,0
985332,491,669113,1754,15,6,0
1994029,392,38090,26745,16,2,0
967950,359,982426,7378,24,1,0
366472,338,469984,46359,19,6,0
597710,839,845844,55833,8,0,0
411760,348,777766,20140,4,6,0
322744,719,318174,9371,22,3,0
1978627,312,541797,26999,0,4,0
1750522,335,68653,12779,5,6,0
1291577,400,692289,31075,23,3,0
791652,385,391770,30697,13,3,0
1111420,815,965795,58268,16,3,0
1031460,522,266186,54544,24,6,0
438506,637,193646,9795,18,1,0
953019,465,299345,52204,0,7,0
630789,682,747642,38460,0,1,0
1904742,675,538304,4218,12,4,0
1110775,770,287166,37571,13,1,1
1960574,330,756322,51529,5,5,0
1901165,674,552226,11672,5,1,1
1112727,310,174750,54238,0,1,0
699722,601,904603,31042,13,1,0
1933693,395,260710,35950,2,0,0
758924,489,232320,11009,22,4,0
1984033,752,848152,47096,9,5,0
379352,491,367658,19544,18,1,0
1010694,785,712165,55728,18,7,0
393283,565,991827,29381,18,4,0
1172346,723,657346,25287,22,2,0
1115015,427,76478,2586,3,0,1
1698771,537,405377,2648,19,6,0
1198974,654,938193,40081,18,7,0
631413,411,127101,18101,9,1,0
1552564,745,356843,45312,24,7,0
526898,642,716284,21692,1,5,0
1151661,444,494527,7407,3,0,1
1063561,364,361417,17254,23,5,0
502186,546,729668,15234,5,6,0
1310241,789,756488,52726,6,6,0
1495160,738,588033,22211,15,7,0
1365529,405,132283,29480,6,0,1
676072,480,393445,47780,17,2,0
1931312,483,381116,57138,19,7,0
1226553,525,441758,24846,21,4,0
1435202,388,931849,42503,18,0,0
345271,829,101489,57893,8,3,0
318533,670,556107,46193,19,6,0
1168452,698,47779,48466,9,2,1
1846645,405,737781,15321,12,7,0
1714542,570,354388,12646,17,6,0
266262,802,589872,54921,15,3,0
1033032,824,413166,22117,21,2,1
276898,331,670533,59056,16,6,0
655699,692,248815,52392,21,3,0
1397945,339,844464,58706,12,3,0
754736,517,377218,4893,11,6,0
488316,381,361417,9476,9,7,0
1256233,500,814468,17270,0,6,0
677602,746,254957,55006,7,5,0
1144189,727,595644,21702,20,0,1
1239504,337,145364,51410,21,0,1
574999,510,527340,4382,17,2,0
1932767,743,306521,1785,1,4,0
207906,626,198910,45798,15,6,0
1572133,526,329963,11735,11,7,0
1826892,347,900121,30177,8,5,0
993719,317,146692,30712,2,0,0
1544380,738,30461,56879,21,0,1
1717550,486,807182,16679,20,7,0
1046936,644,9472,43013,3,5,0
915080,523,855695,35365,1,1,0
1875843,787,112036,17064,7,5,0
234701,528,188674,30563,9,7,0
1331876,689,287667,54042,15,0,1
965537,487,686126,53450,22,4,0
1921610,569,889694,33092,10,1,0
283560,609,590348,47928,17,7,0
442615,431,271223,57104,21,7,0
243642,371,663759,26867,13,3,0
717083,486,322870,45382,7,5,0
691036,785,355050,33754,22,3,0
527304,490,278676,19502,14,1,0
565464,721,909121,760,16,1,0
813089,419,475573,24142,20,1,0
1536651,519,43162,44653,17,2,0
1342953,352,921253,41996,5,5,0
526916,750,273497,17290,22,7,0
1700554,711,112313,5499,13,6,0
512250,536,28477,364,22,4,0
805409,705,679930,56921,2,4,0
1274135,721,86373,19797,6,7,0
1092027,546,928941,40795,14,3,0
758030,371,693464,32535,20,7,0
1056101,484,718730,46300,23,3,0
1925690,305,528839,47176,15,6,0
1383620,505,68359,16105,15,3,0
1360793,843,448096,7939,7,5,0
1814737,686,143988,13936,6,0,1
1092964,375,126150,42029,5,3,0
603119,476,473919,15863,1,1,0
858380,648,696805,12561,21,3,0
1335564,554,309780,10447,12,1,0
769936,607,467143,30624,11,2,0
325991,644,995698,46940,14,0,0
602732,426,816117,44646,8,0,0
706079,586,837566,12411,1,6,0
726684,786,351060,19465,16,5,0
1332658,682,107967,38216,4,7,0
328322,705,94455,19642,10,5,0
856951,687,783123,31262,21,4,0
211303,824,461063,30363,18,2,0
1410209,575,957497,2107,23,6,0
1582439,799,175405,7928,6,5,0
1498266,636,239646,48002,1,1,0
1209612,780,189937,19317,15,2,1
299616,572,472312,49078,11,0,0
1110597,357,836188,51981,22,7,0
1334807,627,385007,25017,14,7,0
469458,408,61192,13528,0,1,0
1268199,578,191758,54158,24,6,0
923035,627,835165,13313,12,6,0
690042,614,235161,1559,22,2,0
658298,773,812425,50893,5,0,0
1247343,410,685852,15167,12,5,0
1725416,528,676341,15343,17,1,0
305228,796,286287,38598,2,1,0
626346,455,995107,7523,0,0,0
1955692,772,715637,49777,14,1,1
1084056,571,107044,28439,12,7,0
1930228,301,505173,50842,4,5,0
1769123,810,181062,15524,24,5,0
1317850,585,652694,13285,12,5,0
1382117,312,456104,10973,21,0,1
1302523,797,69351,57434,4,3,0
1926470,537,490588,22694,18,3,0
1443268,393,705359,35774,20,6,0
248874,637,234085,4302,23,6,0
1822572,470,758171,50240,17,7,0
1323129,766,498095,22391,20,1,1
792632,442,70309,4611,21,5,0
909662,500,929950,9372,9,1,0
771926,479,686093,24312,23,0,0
1326825,663,119156,14080,7,1,1
727007,778,338144,15082,14,4,0
878250,770,441848,47409,20,3,0
670452,683,21576,42861,24,1,0
1678301,716,527608,30677,19,1,1
242534,607,666110,20874,24,2,0
695518,666,627290,8378,22,7,0
816529,300,184535,1597,21,1,0
612003,343,26572,11600,3,4,0
326209,397,280092,3747,1,3,0
642061,564,520114,13879,23,2,0
1437580,439,640816,51822,5,7,0
816412,780,694186,13017,2,0,1
1864523,536,89051,24815,6,6,0
364134,371,814299,18964,9,0,0
1324289,489,191303,28812,22,3,0
1991199,567,983766,40200,5,6,0
688972,620,746716,24714,15,0,0
1177965,406,781700,18890,1,7,0
1323994,531,203305,4725,23,4,0
1184176,341,306822,43205,16,1,0
1376808,438,893993,20684,12,3,0
720551,572,799395,26325,0,6,0
363038,780,457576,57911,5,2,0
1190049,715,573722,32542,4,1,1
1130491,805,66617,46037,24,0,1
1416959,723,937773,13092,12,0,1
1574572,706,641857,30382,22,2,1
458722,689,731672,39770,17,4,0
332079,641,883784,25457,11,7,0
402053,792,866164,6131,6,7,0
800530,491,510874,46029,14,2,0
1427165,798,369792,25215,2,3,0
1751814,532,81494,12612,15,2,0
1277833,526,744265,37305,0,0,0
680488,670,601513,13091,15,4,0
635423,438,82867,35103,23,4,0
1392929,448,168600,37089,11,5,0
523390,414,779957,29759,18,2,0
463579,749,865404,46022,7,3,0
1478523,362,458818,52137,22,0,1
1480334,403,882693,559,11,1,0
1864221,572,615036,713,14,7,0
1406308,305,254265,37361,1,7,0
1199701,446,519493,15184,16,7,0
1131011,483,164404,15261,6,4,0
1976531,327,910913,20372,12,7,0
1856671,849,653817,55355,0,2,0
1687331,418,996433,32140,5,5,0
338563,592,986710,33024,12,3,0
983066,670,484353,57920,10,3,0
1754623,543,264395,47342,9,6,0
905552,517,963221,32544,15,7,0
526032,476,885540,37,23,0,0
797897,598,682387,43032,22,4,0
972800,357,97382,12697,19,0,1
1502549,568,479767,41420,16,7,0
1531673,607,9583,48698,16,5,0
1625402,587,574675,31707,3,1,0
1762833,404,285248,26016,4,7,0
1927757,527,536512,34600,22,1,0
1679359,546,847056,48285,13,1,0
1363950,793,449274,23984,19,3,0
749148,382,890752,5167,9,4,0
876555,485,227444,432,13,7,0
801763,551,946803,4151,0,0,0
684090,654,340716,47680,10,0,1
1073698,509,871901,6411,22,5,0
876787,746,864360,30788,17,1,0
1537803,759,466690,50903,15,4,0
942406,771,266285,26623,17,4,0
1043804,669,678710,54149,7,5,0
848074,791,468298,22104,9,2,0
1161568,436,857303,56768,9,4,0
1780677,666,136149,256,4,4,0
1280174,483,570303,33439,9,0,1
1754510,586,988651,33257,17,5,0
1865970,771,976684,39657,20,7,0
489226,674,171929,44674,23,4,0
1015673,836,756556,51248,5,4,0
427286,810,190912,18066,2,0,0
637785,549,846334,45371,7,7,0
1260321,809,5577,32746,8,7,0
1012461,372,806434,2460,4,4,0
1392673,581,50711,37297,1,0,0
432732,659,563739,54273,1,2,0
1918224,309,493027,34743,6,3,0
813474,510,704463,3216,16,6,0
1124044,451,421863,14267,9,0,1
1084200,304,559119,9581,11,0,0
413030,494,249402,4515,1,4,0
924238,582,755664,22076,9,0,0
1814710,763,882930,44816,19,5,0
1218652,412,915381,9776,0,1,0
1586652,570,244942,54091,3,1,0
348554,462,95119,21947,12,2,0
485555,759,853262,2963,11,7,0
644191,404,342776,53681,10,0,0
1702337,581,823265,6786,9,7,0
1754094,461,767754,13866,14,5,0
1589517,650,748224,38968,4,4,0
514451,733,810830,32305,24,4,0
1120597,439,585842,17360,16,6,0
1532762,770,50755,40113,4,3,0
1825794,431,935210,32813,1,2,0
972944,386,153412,1193,8,5,0
1686205,482,851426,4512,5,7,0
968747,667,588172,54095,17,5,0
424695,428,870793,22666,13,6,0
1084315,545,541770,16630,18,6,0
1544476,677,54225,52371,13,4,0
1301844,448,189921,8983,7,7,0
1681006,732,599142,636,16,3,0
1461519,768,565544,3775,2,4,0
1670394,745,240617,2421,9,3,0
908691,780,108721,13025,16,1,1
773189,593,605398,9280,10,5,0
1610706,442,113606,36951,7,6,0
1443064,549,538938,11351,0,1,0
1936132,601,177190,49864,12,7,0
590530,324,28930,54997,20,4,0
862784,369,741067,38091,3,2,0
441531,411,260102,55184,6,0,0
1495269,663,362544,45656,13,2,1
1194465,602,273945,30171,4,2,0
1119484,770,575648,3644,23,0,1
903650,390,874340,16142,10,5,0
1799295,829,147631,7773,16,1,1
1486936,491,294478,28466,4,1,0
544855,541,236545,10778,19,5,0
1755979,437,13288,12501,2,0,0
1274961,644,677758,47177,4,3,0
631374,479,207302,2108,14,2,0
1664811,802,798623,29369,18,4,0
480783,502,280195,36382,15,1,0
1334106,491,61715,25818,7,5,0
483707,304,10737,10251,12,4,0
577816,536,589428,23341,15,6,0
1678236,610,680611,11678,2,0,0
1186420,848,182047,14367,0,4,0
1650503,355,267291,54431,8,7,0
1978254,742,574796,29672,8,4,0
545114,536,314368,4332,21,7,0
443373,496,281787,12002,16,2,0
547697,813,301111,20284,23,0,1
1410355,748,103535,59949,1,4,0
1418758,659,827165,15700,8,1,0
1246914,329,296952,13769,23,0,1
1965724,407,512438,29318,18,1,0
1855743,744,722648,24323,12,5,0
1156331,737,583247,27610,4,5,0
1486836,756,395065,6963,8,6,0
1123159,794,330322,53720,12,3,0
1171129,546,722496,7838,0,5,0
1919187,842,191812,45167,24,4,0
846701,738,112255,12243,14,0,1
986958,577,610610,27939,3,5,0
530904,410,830997,1845,3,1,0
1296413,684,937687,46710,19,4,0
718349,490,508522,16766,9,5,0
984838,789,1132,36880,24,7,0
997968,725,693619,12780,5,7,0
1801405,704,751972,48458,23,2,1
279083,634,850100,56221,11,1,0
758819,508,259427,52962,19,6,0
1519432,321,431779,42856,15,6,0
1614821,507,485443,1509,2,6,0
1847608,307,633123,23957,13,1,0
977147,828,142003,45172,0,6,0
1248382,465,782516,34346,9,3,0
854037,795,597457,17263,14,2,0
1238836,728,260529,51314,6,3,0
1041047,462,443855,46874,3,7,0
806791,665,253608,26148,13,5,0
1502922,825,758673,31533,23,2,0
809996,538,714261,42608,15,1,0
915472,371,624705,56866,13,3,0
1875335,744,525332,12931,2,4,0
1244244,808,177763,1359,16,2,1
978513,568,231807,53583,20,1,0
1406237,714,24363,24532,13,0,1
1933951,544,308838,20344,17,2,0
360081,359,394798,52963,2,2,0
588590,305,997414,4242,21,5,0
1965982,706,984348,20601,18,4,0
1093093,516,807733,49232,2,5,0
881503,325,336473,19116,11,6,0
1254730,304,1620,56985,21,2,0
877164,831,324368,35477,4,7,0
1159192,689,449871,51574,9,2,0
1312864,747,95419,52793,8,6,0
251195,445,692894,30782,0,4,0
482725,687,906482,45559,12,4,0
645864,548,496712,49819,2,7,0
492231,825,956894,18880,18,7,0
905290,761,726989,3499,10,3,0
364053,312,842288,31587,15,1,0
793586,683,180324,44458,5,1,0
1979240,698,317953,26020,23,3,0
1685200,318,546547,58689,2,1,0
1288075,790,20655,8080,18,2,1
1636536,718,950509,23207,5,3,0
645485,636,949133,33957,7,3,0
1942495,718,941114,13908,21,1,1
1493774,421,450400,30652,12,0,1
1716111,731,21602,30344,11,7,0
1869211,343,872377,55756,9,1,0
1559507,616,666470,25034,2,5,0
1546208,680,923577,25788,3,0,1
536585,444,887278,12751,0,3,0
1978599,626,342962,58255,12,0,1
222431,662,927699,47482,23,2,0
1572401,349,525825,33793,3,4,0
1443131,364,410354,56937,21,0,1
847008,654,961832,59755,10,5,0
773441,463,780498,32839,18,4,0
468512,440,701562,38314,10,2,0
1098792,427,171236,35453,11,5,0
376076,697,912977,9385,10,6,0
1468300,762,89743,56524,5,4,0
1829849,486,447875,18232,11,6,0
1563046,489,86155,43344,8,2,0
1881601,687,967196,34790,24,4,0
1984997,728,906630,15831,9,4,0
878758,583,942349,55490,2,1,0
953753,536,89846,20125,2,5,0
250861,493,758795,45708,19,7,0
1586617,586,292706,17682,22,5,0
1461553,435,814468,36870,15,0,0
851406,470,716112,17288,2,6,0
921001,458,860665,35794,9,6,0
209078,500,607337,59372,23,5,0
524912,786,239647,39477,10,5,0
1823911,803,330825,53863,7,4,0
1058058,670,289962,24405,5,6,0
1044092,402,948048,38737,19,3,0
1167290,424,848964,2620,10,7,0
1643717,612,996140,35414,20,1,0
415048,757,319849,37633,11,7,0
960581,529,544392,56497,15,0,0
1890696,496,386480,35057,17,7,0
1116838,722,652192,40138,12,1,0
849438,470,856035,13854,21,0,0
1405663,681,626787,53024,2,2,0
233320,472,845457,9677,14,4,0
527025,752,751624,44111,21,5,0
815115,649,818749,24074,20,5,0
1761863,793,424632,17824,13,3,0
564359,303,173084,765,17,7,0
1143793,392,524156,45439,13,6,0
1508507,305,892017,59782,4,6,0
1143187,587,461261,31615,20,1,0
606845,445,676760,48926,13,1,0
1797690,723,310414,36860,24,1,1
300734,756,203141,12975,7,6,0
357702,501,643703,9341,22,5,0
954122,511,443049,28141,14,6,0
1425811,305,194716,12334,14,1,0
1347087,675,604494,48845,18,4,0
1183939,746,331612,15835,19,0,1
1522373,405,190545,26548,5,5,0
1931897,700,963313,35434,18,4,0
806229,395,431544,25039,24,2,0
929497,687,430000,32530,7,7,0
298818,751,23723,38736,5,4,0
1173950,715,847078,40409,19,7,0
352360,803,721615,18565,22,4,0
819369,753,524362,9834,14,2,0
761165,590,779533,36656,2,4,0
573706,833,288642,840,9,0,1
1132817,492,720882,13873,14,5,0
1460533,449,621169,31568,23,7,0
272715,814,413757,10846,15,3,0
341398,692,570217,5899,16,6,0
1882955,615,123199,20502,18,2,0
1767628,375,231525,565,10,7,0
1381208,569,288172,38773,15,5,0
1065580,524,29545,41924,4,1,0
283186,829,603857,43242,4,7,0
1935826,412,31673,9187,13,0,1
1399670,550,424190,7226,17,3,0
794604,532,452115,42147,7,0,0
1276956,382,416313,38658,4,7,0
834486,424,888943,45881,6,0,0
464500,474,355288,4311,15,1,0
270326,368,326968,44214,22,3,0
1078879,346,23525,56888,13,6,0
839282,555,582092,41616,4,0,0
420971,329,146115,52134,23,1,0
1006481,580,566134,25689,8,2,0
1717509,536,77261,6083,3,1,0
1417060,547,757600,12598,3,4,0
1231519,667,500827,16940,15,7,0
989352,794,967731,52171,23,5,0
684410,324,184100,26880,16,7,0
1590281,789,954887,2580,14,7,0
425314,793,815915,57298,3,1,0
1687292,613,7265,46612,5,1,0
1828094,674,809195,57395,15,1,1
1740448,324,206724,42321,3,7,0
716998,633,15733,9386,5,6,0
1147531,654,898628,53171,4,0,0
1768560,415,615326,19522,15,6,0
665757,347,299564,26224,24,3,0
1623060,398,664607,14635,15,1,0
708062,758,941344,671,9,1,0
1832185,822,458365,33545,8,4,0
332028,704,21058,54079,3,4,0
431447,513,246301,26855,13,2,0
1060563,802,297073,35790,3,2,1
1689700,747,162434,51012,11,4,0
1195843,557,610777,52291,23,3,0
826045,420,608952,46585,9,2,0
1681235,353,702716,14260,3,5,0
501207,630,77597,1074,17,5,0
1624945,540,792473,42676,12,3,0
1627120,829,78209,9475,12,4,0
1591538,782,782397,12878,13,2,1
466847,486,979458,15120,17,1,0
920488,561,192941,23147,0,4,0
796387,663,676419,1986,20,2,0
619065,790,624152,43593,15,3,0
887220,730,962226,32430,14,5,0
231585,538,148620,41961,21,7,0
1663807,603,408294,55479,24,3,0
1195043,597,398635,17430,4,7,0
1816449,375,166562,2176,5,2,0
489102,632,207158,18722,5,3,0
1536737,773,639446,42815,2,2,0
1635397,582,976264,49652,15,2,0
1162854,371,947841,18617,11,7,0
479922,562,1468,27115,3,3,0
900601,311,286453,37376,0,0,0
1290805,440,983848,11906,3,1,0
1335228,316,72255,40002,0,4,0
1114699,362,782366,57124,20,5,0
449474,552,868331,6610,7,1,0
1952300,764,553006,43292,23,4,0
1112935,675,225409,49752,4,4,0
460116,819,239967,13411,1,5,0
1071310,389,693201,53436,11,1,0
1144994,474,991052,9180,21,5,0
720985,375,738925,47993,16,2,0
219975,699,964164,10073,6,5,0
357795,370,368697,37251,10,7,0
1665071,479,836713,30960,3,7,0
1457949,423,375595,5901,4,3,0
1129065,680,247113,38897,5,0,1
1224939,592,787199,50906,10,0,0
1445709,494,397111,51616,0,0,0
1074829,527,582314,43183,24,1,0
1953089,730,904574,4482,9,7,0
1543862,735,567256,42454,19,1,1
1837188,760,695457,25428,23,2,1
1424613,320,408548,7400,20,6,0
588076,363,145693,39574,10,0,0
860008,464,601158,57795,23,2,0
890493,326,542462,43284,16,7,0
1168181,610,910789,7396,7,6,0
820347,584,885621,7338,12,0,0
1212092,580,564790,42718,19,1,0
822605,463,298818,12500,17,6,0
925495,523,561548,11545,21,3,0
1545766,445,960002,5241,15,3,0
1688856,329,722969,23778,1,3,0
301459,344,704824,22821,4,5,0
961985,770,596093,4695,17,3,0
400422,333,195991,11530,2,4,0
1350096,726,783924,47080,21,0,1
785560,520,185541,51740,16,3,0
947512,833,17194,14318,15,6,0
716123,666,682171,50934,5,7,0
1578369,849,858809,22331,18,4,0
526818,415,655152,55746,6,4,0
1236548,538,518953,52672,17,4,0
344832,634,568011,26355,13,2,0
352999,740,231408,11324,5,6,0
548619,447,468451,28149,7,2,0
261367,308,242113,3218,14,4,0
953315,587,76298,20141,14,5,0
605804,687,583526,36784,14,3,0
1108182,349,259425,2837,15,7,0
957038,816,629721,59725,0,0,0
1484382,577,510609,55152,10,6,0
1104586,599,107092,49080,24,5,0
1956169,434,264291,39802,4,1,0
1293314,446,229991,40077,4,2,0
757685,789,300589,14379,20,3,0
1592909,777,709163,4239,5,3,0
1587087,458,192180,44896,1,1,0
1242377,683,630458,20812,5,1,0
402332,462,919517,29669,13,6,0
582729,740,347761,48624,10,3,0
1360029,488,213482,9611,3,1,0
1268392,714,839934,4150,23,3,0
1159744,638,641404,58674,24,5,0
1123780,480,824187,11109,8,6,0
969299,587,664093,34214,23,7,0
1665291,486,795911,26016,2,1,0
1206080,437,599649,11936,15,5,0
571000,429,676664,11036,10,5,0
413567,493,428910,39236,3,1,0
1763509,615,124232,14021,0,6,0
795923,443,892018,54942,24,3,0
416184,315,81171,36943,20,7,0
498090,601,376295,48158,21,4,0
517348,722,86296,37848,15,3,0
1431534,544,140562,15471,18,0,1
1189156,406,152324,47661,15,1,0
1526283,387,498506,50016,10,2,0
292324,428,662222,23244,7,6,0
423536,640,241535,48777,22,1,0
1520567,303,332103,57815,0,0,0
226155,626,403666,38985,20,5,0
541815,709,318166,38440,8,2,0
1889755,605,783258,1502,11,2,0
660494,524,848423,53836,21,3,0
349381,647,171999,34178,7,4,0
1380267,620,755737,3770,16,3,0
1724986,480,311997,42865,9,6,0
643324,685,31826,53811,6,2,0
234707,407,829311,4001,18,7,0
1137841,830,712625,52635,24,7,0
1767053,709,596649,20946,5,2,1
1970440,595,240028,598,20,7,0
1951550,470,340134,30316,23,7,0
946788,630,351931,25567,23,4,0
553299,792,217256,26508,18,6,0
1407068,494,40736,43744,17,1,0
1722688,311,286674,52193,14,4,0
370102,494,209124,57312,1,5,0
594274,789,178130,39159,13,3,0
417285,481,630368,30276,20,7,0
1586980,615,467310,23671,9,1,0
1408052,329,336399,16450,15,3,0
958842,395,660246,14908,6,7,0
1222788,680,388742,57275,7,4,0
1409504,743,224793,44358,9,1,1
1913136,597,642911,49047,14,4,0
1050610,660,299531,35518,7,5,0
496141,673,676935,57813,12,0,0
1143115,602,636548,31212,11,2,0
1892137,720,432859,42684,7,6,0
1945171,545,927604,6806,14,1,0
1497076,536,453572,39197,11,2,0
1938993,833,401072,40891,10,0,1
1380887,484,431385,18015,18,1,0
445546,767,946308,39220,13,2,0
1445309,662,691150,17158,17,2,1
851233,582,293132,15456,12,1,0
1818136,635,503195,27588,3,2,0
1241592,461,338592,22491,16,2,0
346470,459,956010,24188,18,1,0
844318,773,375574,27079,8,6,0
1567223,621,743264,58830,22,2,0
1255146,311,460522,4019,6,2,0
530929,723,929809,12419,0,6,0
1781974,372,665329,33697,6,3,0
1747691,500,274548,19396,6,5,0
279141,821,402205,54176,19,3,0
212115,804,458521,39032,6,7,0
1287638,338,429199,29892,7,0,1
1009343,359,765644,7973,15,3,0
1876925,620,170534,42465,2,3,0
1543276,734,281504,21113,12,0,1
590479,707,872089,57113,9,2,0
1774833,685,419503,11136,17,2,1
1030185,377,196544,19203,6,3,0
597686,493,246512,31285,20,0,0
1370439,584,764325,23039,20,2,0
996657,826,978817,1184,4,4,0
1749652,823,34160,57632,22,1,1
847296,455,268933,22727,24,1,0
1749302,639,158253,59155,23,5,0
1225799,424,669745,16911,21,1,0
1927132,579,869029,916,6,3,0
1878687,427,65641,59052,24,1,0
1000101,613,830679,3574,21,1,0
1883541,631,610961,36087,16,4,0
1244257,449,231322,17790,3,2,0
248320,753,267688,17625,23,4,0
1164918,335,771143,5206,22,3,0
696758,719,406491,56401,15,1,0
1395225,321,760649,19517,18,6,0
1373930,505,587536,49950,9,2,0
812297,655,296694,50675,2,5,0
648625,739,840125,56361,2,5,0
228625,395,915356,37696,16,7,0
936400,463,412857,16105,9,7,0
1534809,447,202821,35656,16,1,0
1285063,829,780237,2690,21,1,0
1707630,593,866453,36859,16,5,0
1476647,494,277749,56434,20,5,0
688011,779,496389,58585,3,6,0
1560858,422,50713,46728,20,3,0
1422471,699,413606,55401,22,1,1
630424,751,337547,690,5,5,0
516205,403,844898,25103,11,6,0
1148163,761,528269,34263,24,0,1
1247328,695,926997,11085,21,5,0
301376,636,988722,50044,24,2,0
1673682,441,988822,57730,19,2,0
1033487,616,902063,25825,16,0,0
967629,826,381382,10720,16,7,0
1530228,700,95335,38641,9,3,0
1720708,609,107441,37271,6,7,0
358056,794,16984,11720,15,1,0
834457,408,649868,46732,12,7,0
760347,671,897748,897,2,1,0
662785,505,415976,17094,1,5,0
1876273,342,656884,36463,15,2,0
1748229,544,642742,35454,5,3,0
1232766,586,49402,23572,5,3,0
729992,654,91656,38546,12,3,0
1178080,775,65614,56920,6,5,0
928744,382,166963,15150,4,1,0
942488,409,353153,54165,23,3,0
835567,489,433048,53664,6,5,0
882568,550,307980,16799,1,5,0
842804,590,991457,9663,16,0,0
722828,500,930866,36948,12,4,0
678366,625,984249,37030,24,7,0
921384,810,955425,27007,20,3,0
1157386,708,987938,35283,20,4,0
619139,807,783077,25671,15,1,0
719777,371,936066,25385,19,5,0
1624764,546,982014,11236,1,6,0
432549,643,655337,22024,4,7,0
1802029,353,862839,46872,17,7,0
1840067,827,794042,39384,6,3,0
684965,831,633669,17376,10,6,0
990546,492,486134,58625,24,2,0
1182469,357,15791,37138,24,1,0
236321,736,58047,18157,10,0,0
535441,410,494064,19945,21,0,0
1493590,428,234898,36584,16,4,0
356498,625,461122,23017,15,5,0
1266348,307,675025,1756,12,4,0
990144,328,70246,35141,21,2,0
594583,411,196936,2576,4,2,0
438389,430,963955,25467,19,7,0
839430,487,234955,36952,15,0,0
1864600,774,348292,31205,21,6,0
1300500,663,570178,58051,21,3,0
1776590,503,400010,35165,15,0,1
1599872,511,557176,12674,15,0,1
1276299,575,137821,43094,13,6,0
958470,372,570819,43314,5,7,0
864468,542,902084,22353,1,7,0
408786,401,807040,29849,13,6,0
1808507,470,343130,4535,15,2,0
886684,487,986715,56035,22,6,0
1463008,740,346140,57279,19,4,0
1228400,385,580305,47367,12,2,0
1388575,775,497163,41936,14,6,0
1080112,351,57676,17118,11,5,0
558690,410,535848,59812,8,2,0
1139947,342,447617,59884,17,2,0
279973,510,50468,632,20,0,0
834122,499,687823,13280,13,3,0
1248173,325,949167,14746,19,0,0
1702025,598,986210,37036,24,1,0
487681,376,451989,53251,3,2,0
694509,436,819555,19285,7,6,0
1880386,319,618634,18047,7,6,0
1795476,739,665078,48089,21,6,0
425049,510,717997,10207,21,2,0
1517191,734,786460,5591,15,6,0
366703,506,979874,27757,23,1,0
964357,738,47599,16226,9,2,1
947419,341,148469,29732,24,6,0
1279924,710,240270,27206,20,2,1
1444380,822,45406,20256,16,5,0
335832,726,834089,33822,0,2,0
1543499,574,67560,41340,17,1,0
483780,747,516394,46347,9,0,0
1854753,668,628431,52234,20,2,1
1302127,519,520112,43351,3,3,0
604772,531,144575,40775,0,1,0
1915499,627,54943,48671,3,4,0
771107,742,75839,9784,3,5,0
1584490,351,606962,37029,3,1,0
1208559,675,549633,35157,16,0,1
620182,562,249495,19937,8,6,0
1461357,566,50390,54290,18,6,0
1701681,658,750401,46707,12,1,1
882347,616,321701,11219,3,4,0
1222378,623,982558,9399,4,6,0
913708,720,1906,33312,12,5,0
748884,345,957671,27657,22,3,0
1050538,568,532249,20047,15,4,0
1225014,680,157212,35007,21,7,0
1187471,417,905721,10559,4,7,0
259182,415,189773,20157,7,1,0
549307,559,339711,35395,15,4,0
501454,374,342808,6618,0,6,0
1566808,779,81199,44891,22,6,0
1901667,604,785216,6780,5,1,0
1388554,306,99764,27050,10,6,0
1023346,665,998722,8015,15,6,0
1096782,822,122357,3130,4,3,0
1818243,647,342873,28083,15,3,0
1720404,737,421777,16480,6,0,1
970188,514,312712,47599,18,3,0
458517,728,895781,53010,0,2,0
1155154,797,859734,35476,8,4,0
1688673,839,619256,38165,17,4,0
1557133,666,160576,11528,12,1,1
337084,612,902548,55304,14,3,0
905475,837,823578,49608,2,0,0
782004,353,564585,5914,23,6,0
1080179,840,610682,37136,9,0,1
948013,766,913605,11179,8,0,1
891738,463,912374,20472,12,5,0
1946588,633,461823,12076,15,6,0
1452078,846,16939,58375,2,2,0
344539,647,443931,24783,21,3,0
624226,572,306604,51089,22,6,0
1770439,713,984080,46716,14,0,1
1370575,799,199294,50298,16,6,0
1363369,392,930170,54304,13,2,0
1705949,378,62119,13824,6,4,0
1618897,516,690681,4299,19,1,0
212289,657,919283,46888,15,3,0
900336,806,144258,8118,20,3,0
898956,480,409675,10756,7,5,0
1505944,545,218827,57786,3,4,0
286365,543,267201,56911,19,3,0
954950,805,978167,7953,23,5,0
375211,721,149805,37552,14,5,0
1428361,619,805589,15185,4,5,0
1321164,386,821462,41792,12,7,0
263646,516,150685,14674,5,3,0
465798,789,632900,50613,4,3,0
1730814,818,377224,44476,16,3,0
1993961,577,869460,33927,6,2,0
929532,468,479498,386,5,5,0
1123945,629,136260,26617,1,2,0
1368311,740,238178,7192,10,1,1
355683,690,259418,10745,6,3,0
1106323,795,29680,30020,21,7,0
832259,680,234433,42678,20,6,0
736437,605,977623,21159,7,4,0
1610822,812,364446,3409,4,7,0
1569909,487,467616,49841,17,0,1
766956,815,448934,56180,21,1,0
1655465,726,560733,56414,15,6,0
1194170,801,530084,54816,13,0,1
812492,559,833650,55918,11,0,0
411830,812,694491,25745,16,3,0
1445077,370,401339,45948,4,4,0
1665461,777,663582,50104,13,0,1
365140,477,810506,29455,5,5,0
1992725,756,902520,38910,14,6,0
1389083,488,423041,38735,6,7,0
425160,590,823271,29166,13,7,0
1431897,819,893544,39973,17,0,1
761672,591,913946,28072,0,1,0
721998,582,592610,48774,5,4,0
806217,843,842753,12109,2,4,0
1849017,676,754534,45802,4,7,0
275388,455,634388,2484,11,0,0
755689,807,523321,34622,10,4,0
718727,712,419204,44399,12,1,0
1975767,827,821939,52383,15,7,0
1892367,654,99244,2597,17,6,0
432601,486,491860,40597,16,1,0
1376410,330,387932,40954,16,1,0
1282660,559,357395,3983,10,5,0
1500035,720,810238,56115,19,3,0
1883505,828,130364,39452,9,0,1
305111,603,823333,43151,15,6,0
1697618,338,410259,59979,1,7,0
629667,788,468977,17040,16,4,0
1911163,841,402968,44772,21,1,1
362982,577,200065,56895,19,7,0
498185,502,697976,30554,9,0,0
1576401,365,52127,27916,12,6,0
434386,407,992281,44871,11,6,0
1592291,567,786885,55991,14,0,1
1445129,521,861864,26372,6,3,0
661792,829,909304,39080,21,5,0
701174,389,611650,40706,20,4,0
984625,554,273120,42722,12,5,0
851844,754,638464,55328,11,6,0
395246,552,99122,29048,11,4,0
1799024,556,332548,19669,1,6,0
446242,682,344076,9777,4,1,0
711083,741,621458,54711,24,1,0
217633,389,339851,36331,24,0,0
1212384,689,482863,59784,1,4,0
1066964,343,951192,20968,22,4,0
249104,318,217912,53969,19,6,0
1159125,400,772466,37809,12,5,0
1063663,656,235851,11292,2,1,1
1316964,841,355933,55334,10,2,0
1788878,332,620804,40794,15,0,1
1341154,528,919521,13923,0,7,0
889115,823,532245,52396,18,4,0
764678,454,507750,50192,10,3,0
1534431,722,107724,27703,8,3,0
1340234,545,398008,18657,13,2,0
257993,704,973486,3629,8,1,0
405768,840,275381,2114,6,1,0
1406861,460,838018,56516,15,1,0
971148,416,999291,34445,2,5,0
1222460,570,805684,35862,18,6,0
1699576,786,403923,25574,3,3,0
993853,471,689566,32349,6,1,0
942296,573,527831,22257,22,3,0
742015,558,699495,35052,11,2,0
1098850,434,247541,37820,17,0,1
1777222,721,628935,56214,4,6,0
1575828,720,559319,17973,22,5,0
457681,485,174001,25737,22,4,0
294018,663,327891,51672,21,2,0
1635177,677,451067,12047,9,6,0
1542630,822,317455,53800,11,3,0
1899752,495,505329,22113,7,2,0
429104,397,760691,694,18,4,0
1042186,321,65867,56959,14,6,0
393510,749,88780,15588,0,5,0
1358423,471,57196,45823,2,7,0
1693293,682,597993,48848,17,0,1
654162,433,844326,20067,17,4,0
1024899,725,874072,6704,1,6,0
1135129,324,500653,40136,4,5,0
1544613,802,276735,1971,0,3,0
1324905,484,621535,47361,9,4,0
1279583,384,704253,58847,19,7,0
1208806,443,727,40823,9,2,0
894892,711,938863,11441,4,1,0
1564973,523,43822,31476,17,2,0
1260899,519,365543,53370,20,3,0
1097767,478,112113,14677,14,6,0
1360932,732,219606,27818,19,7,0
835232,564,392575,1868,7,0,1
404451,728,928433,18055,16,4,0
1527176,715,390732,58426,11,6,0
755655,752,584379,1728,20,0,1
1303200,496,473594,7632,11,3,0
603322,352,154591,12043,0,4,0
1483141,779,410609,6403,3,5,0
268008,742,951822,15732,7,5,0
577539,629,205603,55244,0,6,0
316492,550,880624,18526,14,2,0
272240,422,179006,9340,17,6,0
1575035,686,372949,38952,0,2,0
1186753,638,998607,22394,10,7,0
925947,647,159912,33021,22,3,0
472900,328,904521,4102,1,5,0
661227,334,613655,36310,0,7,0
1547098,817,13265,19159,11,4,0
335327,695,398640,56830,15,5,0
849991,593,413841,6212,21,2,0
1042981,648,603910,31824,21,6,0
365575,446,684547,37405,9,3,0
1243445,366,298073,11525,17,5,0
1748075,819,324036,28760,14,7,0
693948,421,675899,55186,16,3,0
1555833,639,318774,44239,9,7,0
1846933,474,221711,45268,2,5,0
429189,750,486626,27457,20,6,0
598465,435,926719,57609,15,0,0
451051,315,170457,48015,5,6,0
1136705,632,655313,10532,2,5,0
849829,494,611868,13518,8,2,0
913936,795,339606,6476,10,6,0
1760354,308,637684,52300,20,4,0
980641,633,359181,19743,12,2,0
471830,632,95310,1004,17,2,0
1754205,626,156080,43054,21,2,0
515507,314,311072,37485,23,3,0
559687,525,738456,3271,21,1,0
1904597,724,89876,45482,3,1,1
1424491,707,549264,209,21,0,1
1868537,412,769302,25463,23,7,0
654179,727,387128,5539,7,7,0
1230596,300,682986,49305,12,2,0
242828,565,360400,19977,9,1,0
1035036,790,362681,8606,1,0,1
472670,507,190861,44384,7,3,0
1274168,668,922204,34052,5,2,0
491126,605,633619,3148,15,4,0
986639,311,719005,33536,17,3,0
1480617,644,251666,58326,16,0,1
1599453,764,990900,5607,5,3,0
954296,793,269670,19586,12,4,0
324982,667,628151,29250,22,7,0
1505487,719,957004,51939,13,3,0
1317195,470,199121,18594,20,0,1
1933264,433,335510,58382,9,7,0
508623,726,997821,7399,23,7,0
1750219,324,452333,55490,10,7,0
1399751,829,56096,25117,12,4,0
370963,489,663270,33126,11,4,0
1390402,440,998887,33617,8,7,0
1067869,614,857617,7498,3,3,0
1347116,743,50248,37290,6,4,0
1059414,618,205728,51696,23,6,0
1875611,740,919455,45541,21,3,0
386994,391,982716,50983,1,2,0
510375,478,993205,50624,6,4,0
229301,355,79888,9628,8,3,0
1471300,454,206354,329,4,2,0
1762579,410,240346,38619,14,4,0
1244327,436,618821,7032,17,2,0
393783,531,41954,48094,3,5,0
1945259,767,351863,38034,18,4,0
218752,780,664164,37122,19,5,0
1215416,367,748065,55587,6,0,0
937565,548,262739,57130,7,0,0
868755,622,291736,20622,16,3,0
417029,817,564931,55264,12,1,0
1107669,731,254793,28584,23,5,0
1304849,786,324809,47850,20,5,0
1507079,728,938327,4722,22,0,1
1864742,568,268116,17772,10,5,0
1368544,836,278026,20569,0,1,1
577844,447,721754,41679,1,7,0
1849423,417,464271,3235,16,2,0
210699,666,679129,4576,4,2,0
1444709,365,549308,26707,5,1,0
734003,669,960252,33868,24,5,0
1267745,474,364765,41632,23,5,0
718652,794,871806,41476,6,5,0
318413,413,44912,51684,20,6,0
1892128,410,12879,30285,14,3,0
1516502,738,558086,24154,18,4,0
1992113,446,632079,20054,15,1,0
1771564,334,483042,17165,24,1,0
1373057,608,701433,14439,12,6,0
415400,837,337935,52675,4,1,0
1232532,313,853415,44518,2,7,0
759873,673,960509,22515,2,7,0
1427512,727,487947,26962,18,1,1
592136,532,658210,53934,13,6,0
1696906,739,159472,42549,15,1,1
589954,801,798385,37763,21,5,0
238067,574,630698,50653,16,6,0
1946621,375,649443,44754,3,3,0
218073,738,154607,45278,12,0,0
236035,588,730896,19464,7,5,0
1444625,839,468255,42036,18,7,0
433782,552,252712,58444,4,5,0
814661,425,867461,30413,1,4,0
814805,476,4055,33270,14,6,0
1838314,336,300314,42299,1,7,0
1783246,709,229016,20269,10,0,1
926331,426,762945,31541,12,1,0
1706404,782,886408,8009,22,0,1
1994291,467,290395,17007,9,3,0
261929,593,922036,26462,2,2,0
957771,642,660284,11542,4,5,0
1085296,609,48037,17434,2,6,0
867689,827,995586,29765,5,6,0
980965,839,92115,23769,12,0,1
487313,718,989125,22465,9,4,0
287468,743,864358,21868,18,7,0
1283170,535,472032,20156,7,3,0
391703,738,482870,20300,17,2,0
1293609,513,70400,53170,2,3,0
1835997,384,623813,50481,23,6,0
1190669,384,363308,13435,23,1,0
1322437,788,223457,4114,16,2,1
907650,364,748462,46336,7,7,0
493894,363,141774,36135,9,7,0
1813325,642,893164,8095,1,6,0
1715592,651,15385,37909,11,4,0
1326798,457,795768,3951,22,2,0
836308,790,851853,21468,5,6,0
993153,762,948729,27073,1,4,0
744897,524,560309,47655,20,1,0
1903377,612,921286,34341,22,4,0
1452557,765,508670,46127,23,3,0
304211,387,117369,51786,2,0,0
1434897,602,744990,2768,16,3,0
1690687,734,573399,38070,6,7,0
687689,434,89402,46514,20,6,0
1123160,349,644062,55402,4,6,0
1060952,731,253724,33979,22,5,0
1705532,639,739945,25351,0,3,0
1050741,646,829151,15445,7,2,0
1278560,646,227600,55107,11,7,0
1891811,544,704397,48583,13,1,0
1977758,408,473319,1160,15,7,0
1254477,832,649983,22361,9,5,0
362624,389,134585,7041,14,5,0
1470893,595,770543,18767,20,5,0
1541775,411,668695,10846,23,6,0
893045,476,699500,38644,14,0,0
1191469,642,104126,19924,9,4,0
345788,400,735733,45657,20,2,0
838387,700,601946,13882,6,7,0
735426,327,165912,14738,2,6,0
890658,836,817439,21019,1,7,0
1168616,357,974451,1095,5,1,0
223429,797,631121,38669,20,6,0
1823064,596,118637,40983,8,0,1
1450956,433,907153,45679,9,7,0
1690036,630,617508,14123,3,6,0
972577,548,26393,28132,2,6,0
1493703,849,581768,1079,8,3,0
1087700,374,903675,29657,23,1,0
1265923,467,874722,45278,21,5,0
1920856,802,479551,32375,16,1,1
756110,654,890695,24754,13,1,0
1164163,524,664467,51999,9,3,0
1812972,830,521397,31153,12,4,0
1115387,445,792425,18344,11,6,0
1730891,540,93650,34241,0,2,0
207967,643,758685,37656,21,5,0
1784735,334,518196,4979,18,7,0
425371,300,904027,1212,18,4,0
1457100,452,52066,54849,5,0,1
1978206,728,373994,9001,12,6,0
1413261,807,829374,13248,18,5,0
752467,425,16138,33187,12,2,0
451537,790,118558,15608,21,6,0
1956124,781,258480,36427,20,0,1
1041531,644,437743,31368,3,3,0
1808126,520,271334,5283,23,4,0
1064645,324,878691,25854,1,6,0
1628127,827,78422,10715,14,5,0
1135772,481,711058,16165,11,1,0
671082,798,606603,58784,6,7,0
260545,341,29086,34108,19,7,0
1483131,780,934826,26797,17,7,0
423894,738,125604,47573,22,2,0
927506,701,887246,10584,12,6,0
1189470,845,119324,14780,16,7,0
1550642,644,476785,37905,3,5,0
1815777,344,740970,21573,24,1,0
1607753,320,391065,50513,13,5,0
1615512,369,3435,33359,19,6,0
450497,347,887937,526,12,0,0
1173181,790,839763,7855,2,1,0
1219658,586,160014,43463,17,1,0
1691633,309,714995,34060,13,5,0
901692,841,422275,50806,14,3,0
1733854,573,712917,29482,2,6,0
1106295,680,375601,16571,0,7,0
1404680,628,838821,31740,23,3,0
893206,778,839446,19142,16,4,0
1963410,314,426042,25104,2,7,0
1293512,815,292441,8625,13,0,1
885154,490,568178,39199,2,3,0
1965524,467,283466,55189,12,5,0
1450632,820,560027,15926,14,6,0
425469,436,402935,31218,17,3,0
1276717,453,603841,44472,13,4,0
337478,687,8314,26380,20,2,0
1345935,508,618119,57646,2,4,0
1109711,571,861596,20566,18,1,0
1402939,442,369802,56125,7,7,0
1814432,368,863460,33205,3,6,0
821827,546,822545,43548,3,1,0
1819715,560,641462,29717,18,3,0
693158,378,146429,49984,10,3,0
1827687,824,229937,41756,0,4,0
223312,629,544653,25135,7,4,0
1160612,488,301173,28164,14,5,0
627387,394,263881,8953,0,0,0
634995,307,393186,38562,6,5,0
1972764,366,729992,3574,20,1,0
1749107,795,609762,20169,19,5,0
998843,490,340362,59858,19,4,0
1744613,665,779966,21604,23,6,0
1497638,820,158571,24134,10,5,0
1043441,416,765387,49069,13,2,0
1657214,566,241474,23202,21,7,0
635684,784,128692,684,15,0,1
1805235,808,762790,37001,13,4,0
257022,597,701517,49729,11,6,0
533373,463,973751,45765,16,3,0
1347647,675,390555,8007,13,7,0
1430844,567,172106,49379,9,5,0
1197858,848,294,35096,23,4,0
558918,373,811028,51883,13,3,0
689626,807,98185,41787,17,3,0
488859,372,797866,49582,21,1,0
1014037,607,58382,9255,8,1,0
1872717,498,300242,32262,16,6,0
755462,429,528943,18093,5,4,0
1127460,786,607317,5782,7,7,0
1746236,450,308372,1234,12,6,0
1324949,505,3771,57645,17,4,0
1441597,478,336243,37973,4,2,0
393718,496,645099,34188,5,0,0
794305,388,974303,31996,20,0,0
263037,733,848689,29204,18,7,0
1862682,482,803990,17152,3,4,0
730836,508,320580,55186,6,1,0
841269,792,107779,42364,3,7,0
1482789,429,649179,25019,24,5,0
404366,312,779085,19488,10,6,0
